Red,Nombre del Cliente,Pais,FechaSolicitud,Nombre del Empleado,Colocada,Id tarjeta,Objetivo,Genero
Visa,Telesforo Diaz Perez,Brasil,50/1/2020,Juana Coppel Mendoza,Si,1,5,Femenino
ACH,Lucia Gerardo Lopez,Mexico,30/3/2026,Javier Diaz Gerardo,No,0,8,Femenino
Telered,Felicitas Urias Urias,Mexico,14/5/2024,Gomzalo Mendoza Salazar,No,0,10,Masculino
Telered,Javier Perez Nava,USA,2/12/2025,Daniel Salazar Gerardo,Si,2,7,Femenino
ACH,Amparito Perez Mendoza,USA,23/1/2025,Sofia Gerardo Perez,Si,3,5,Femenino
MasterCard,Sofia Salazar Coppel,Brasil,29/8/2026,Miguel Garcia Mendoza,Si,4,5,Masculino
MasterCard,Alicia Ramirez Ramirez,Japon,14/6/2023,Plutarco Perez Coppel,Si,5,9,Femenino
ACH,Lucia Gerardo Coppel,Francia,16/6/2025,Sofia Sanchez Lopez,Si,6,8,Masculino
Visa,Alicia Sanchez Mendoza,Francia,2/10/2025,Carolina Sanchez Salazar,Si,7,6,Femenino
MasterCard,Yessenia Salazar Nava,Francia,1/9/2026,Felicitas Nava Lopez,No,0,5,Femenino
ACH,Plutarco Sanchez Gimenez,Mexico,30/5/2023,Carolina Nava Urias,No,0,8,Masculino
Telered,Javier Urias Urias,Japon,10/12/2024,Gomzalo Salazar Ramirez,Si,8,9,Masculino
ACH,Daniel Coppel Salazar,Japon,28/8/2023,Miguel Sanchez Sanchez,No,0,9,Femenino
Telered,Javier Ramirez Ramirez,Japon,7/2/2024,Maria Diaz Lopez,Si,9,5,Femenino
Visa,Maria Coppel Gerardo,Mexico,12/8/2025,Juana Coppel Urias,Si,10,9,Masculino
MasterCard,Lucia Urias Ramirez,USA,22/12/2025,Javier Coppel Diaz,Si,11,8,Masculino
ACH,Amparito Salazar Mendoza,Mexico,19/10/2024,Felicitas Coppel Sanchez,Si,12,10,Femenino
Visa,Antonio Ramirez Lopez,Mexico,18/7/2025,Anastacia Mendoza Gimenez,Si,13,7,Femenino
Telered,Zoila Diaz Mendoza,Francia,18/8/2023,Gomzalo Diaz Perez,No,0,9,Masculino
MasterCard,Sofia Gerardo Sanchez,Japon,29/11/2024,Miguel Mendoza Mendoza,Si,14,5,Masculino
ACH,Lucia Gimenez Gerardo,Japon,1/6/2023,Telesforo Nava Sanchez,No,0,6,Masculino
Telered,Juana Lopez Diaz,Francia,7/5/2024,Luis Coppel Salazar,Si,15,7,Masculino
MasterCard,Amparito Coppel Coppel,USA,12/7/2025,Alicia Gerardo Perez,No,0,10,Masculino
MasterCard,Miguel Ramirez Ramirez,USA,8/1/2024,Nereida Garcia Lopez,Si,16,7,Femenino
MasterCard,Anastacia Gerardo Garcia,USA,7/3/2023,Zoila Diaz Gerardo,Si,17,6,Masculino
Telered,Zoila Salazar Gimenez,Brasil,27/4/2024,Zoila Mendoza Ramirez,Si,18,10,Femenino
ACH,Federico Mendoza Urias,Japon,25/9/2024,Felicitas Garcia Lopez,Si,19,10,Masculino
Telered,Alicia Garcia Garcia,Japon,18/1/2025,Maria Gerardo Urias,Si,20,7,Femenino
Visa,Gomzalo Sanchez Perez,USA,21/3/2024,Aurora Ramirez Coppel,Si,21,7,Masculino
Visa,Plutarco Mendoza Sanchez,Brasil,31/7/2026,Carolina Nava Diaz,Si,22,8,Femenino
MasterCard,Luis Coppel Mendoza,USA,31/10/2025,Maria Gerardo Ramirez,Si,23,5,Femenino
Visa,Javier Diaz Coppel,Brasil,28/8/2024,Plutarco Gimenez Coppel,Si,24,7,Masculino
MasterCard,Miguel Sanchez Nava,Brasil,4/5/2025,Telesforo Perez Ramirez,No,0,6,Masculino
Telered,Antonio Gerardo Gerardo,Brasil,27/1/2025,Felicitas Coppel Nava,Si,25,5,Femenino
MasterCard,Felicitas Gimenez Gimenez,Brasil,24/9/2023,Maria Garcia Salazar,Si,26,5,Femenino
MasterCard,Yessenia Diaz Gimenez,USA,10/8/2023,Telesforo Diaz Gerardo,Si,27,10,Masculino
Visa,Miguel Coppel Mendoza,Japon,26/6/2026,Gomzalo Mendoza Garcia,Si,28,5,Femenino
MasterCard,Epifania Perez Perez,Japon,28/12/2025,Javier Perez Salazar,No,0,6,Femenino
MasterCard,Anastacia Gerardo Nava,Brasil,30/1/2025,Zoila Mendoza Gimenez,No,0,6,Masculino
Telered,Federico Gerardo Urias,Japon,30/8/2023,Miguel Mendoza Ramirez,Si,29,5,Masculino
Telered,Juana Diaz Coppel,Francia,14/11/2023,Rebeca Coppel Coppel,Si,30,10,Femenino
MasterCard,Maria Mendoza Garcia,Brasil,8/4/2026,Plutarco Lopez Garcia,Si,31,10,Masculino
Visa,Telesforo Urias Urias,USA,14/11/2026,Zoila Lopez Diaz,Si,32,9,Femenino
ACH,Plutarco Ramirez Nava,Brasil,4/10/2024,Antonio Sanchez Gimenez,No,0,10,Femenino
Visa,Nereida Ramirez Urias,Brasil,29/11/2024,Plutarco Coppel Perez,No,0,7,Femenino
Telered,Luis Garcia Perez,Japon,18/7/2025,Nereida Salazar Urias,Si,33,8,Masculino
ACH,Maria Urias Lopez,Francia,4/12/2025,Daniel Sanchez Nava,No,0,9,Masculino
MasterCard,Javier Coppel Garcia,Mexico,26/2/2025,Aurora Coppel Diaz,No,0,9,Femenino
MasterCard,Daniel Garcia Coppel,Brasil,29/8/2024,Alicia Salazar Urias,Si,34,10,Femenino
Visa,Amparito Perez Garcia,Brasil,13/5/2024,Luis Gerardo Gimenez,Si,35,7,Femenino
Telered,Lucia Sanchez Perez,Mexico,7/2/2024,Felicitas Coppel Salazar,No,0,10,Femenino
Telered,Alicia Sanchez Gimenez,Mexico,9/8/2025,Sofia Coppel Coppel,No,0,9,Femenino
Telered,Alicia Diaz Sanchez,USA,16/9/2024,Federico Garcia Perez,No,0,7,Masculino
Telered,Aurora Garcia Diaz,Japon,8/9/2024,Antonio Lopez Lopez,Si,36,8,Masculino
Telered,Carolina Ramirez Diaz,Brasil,5/3/2025,Gomzalo Nava Perez,No,0,9,Femenino
Telered,Amparito Perez Urias,Japon,31/1/2024,Zoila Gerardo Perez,Si,37,10,Masculino
Visa,Zoila Diaz Urias,Mexico,7/3/2026,Miguel Diaz Coppel,No,0,8,Masculino
Visa,Rebeca Sanchez Salazar,Brasil,30/12/2023,Federico Garcia Sanchez,Si,38,6,Femenino
Visa,Anastacia Urias Nava,USA,28/2/2023,Juana Ramirez Diaz,Si,39,5,Femenino
MasterCard,Carolina Gerardo Perez,Mexico,4/3/2024,Aurora Urias Coppel,Si,40,8,Masculino
Telered,Anastacia Perez Gimenez,Mexico,8/12/2024,Amparito Nava Salazar,No,0,7,Femenino
Telered,Javier Perez Mendoza,Mexico,13/7/2023,Juana Perez Lopez,Si,41,7,Femenino
Telered,Felicitas Lopez Perez,Francia,2/7/2023,Yessenia Lopez Garcia,No,0,9,Femenino
MasterCard,Carolina Gerardo Gimenez,Japon,12/11/2023,Federico Lopez Diaz,No,0,9,Femenino
MasterCard,Federico Mendoza Diaz,Brasil,29/10/2025,Aurora Perez Lopez,Si,42,10,Femenino
ACH,Felicitas Gimenez Diaz,USA,30/12/2023,Federico Mendoza Nava,Si,43,8,Femenino
Telered,Lucia Perez Lopez,Mexico,2/10/2024,Felicitas Lopez Coppel,No,0,6,Masculino
ACH,Maria Salazar Salazar,USA,21/1/2023,Amparito Mendoza Perez,Si,44,10,Femenino
ACH,Gomzalo Lopez Gerardo,Francia,5/11/2024,Juana Diaz Diaz,Si,45,10,Masculino
MasterCard,Plutarco Urias Lopez,USA,22/11/2026,Anastacia Lopez Salazar,Si,46,5,Masculino
Telered,Lucia Garcia Sanchez,Brasil,12/6/2023,Luis Urias Sanchez,Si,47,5,Masculino
ACH,Zoila Ramirez Nava,Mexico,20/6/2026,Javier Perez Gerardo,Si,48,10,Masculino
ACH,Lucia Lopez Mendoza,USA,27/6/2024,Plutarco Perez Nava,No,0,6,Femenino
Telered,Lucia Ramirez Coppel,Mexico,25/9/2026,Plutarco Diaz Nava,No,0,8,Masculino
ACH,Alicia Ramirez Ramirez,Brasil,16/10/2024,Carolina Lopez Gimenez,Si,49,10,Femenino
MasterCard,Yessenia Mendoza Coppel,Francia,23/8/2025,Alicia Garcia Gimenez,No,0,8,Femenino
Visa,Miguel Garcia Nava,Mexico,16/5/2026,Epifania Nava Garcia,Si,50,6,Femenino
Telered,Carolina Ramirez Garcia,Mexico,19/2/2023,Luis Perez Nava,Si,51,7,Masculino
Telered,Anastacia Perez Sanchez,Japon,17/10/2025,Gomzalo Perez Ramirez,No,0,7,Femenino
MasterCard,Juana Ramirez Diaz,Mexico,6/8/2023,Luis Diaz Ramirez,Si,52,9,Femenino
MasterCard,Luis Gerardo Gerardo,Mexico,22/8/2024,Lucia Ramirez Perez,Si,53,9,Masculino
Telered,Carolina Nava Ramirez,Brasil,15/10/2025,Federico Coppel Nava,No,0,5,Femenino
Telered,Rebeca Mendoza Lopez,Brasil,30/10/2026,Anastacia Gimenez Urias,Si,54,9,Femenino
ACH,Lucia Lopez Ramirez,Japon,23/1/2026,Felicitas Mendoza Salazar,Si,55,8,Masculino
ACH,Luis Garcia Coppel,Brasil,18/11/2023,Daniel Lopez Ramirez,Si,56,8,Femenino
Telered,Plutarco Ramirez Gerardo,Japon,6/2/2024,Javier Lopez Salazar,Si,57,10,Masculino
Visa,Luis Gimenez Gerardo,Mexico,2/8/2026,Zoila Salazar Lopez,Si,58,6,Masculino
Visa,Plutarco Coppel Garcia,Francia,14/8/2023,Zoila Gerardo Salazar,Si,59,10,Masculino
Visa,Telesforo Gerardo Sanchez,Francia,18/3/2024,Luis Gerardo Sanchez,Si,60,7,Masculino
ACH,Federico Gimenez Ramirez,Brasil,3/10/2023,Maria Urias Coppel,Si,61,8,Femenino
Visa,Aurora Coppel Garcia,Brasil,19/4/2024,Lucia Coppel Nava,Si,62,8,Femenino
Visa,Daniel Ramirez Sanchez,USA,1/5/2024,Daniel Diaz Perez,No,0,6,Masculino
Visa,Gomzalo Sanchez Lopez,Brasil,20/8/2024,Telesforo Coppel Gimenez,No,0,8,Masculino
MasterCard,Yessenia Salazar Nava,Japon,10/5/2026,Daniel Ramirez Gimenez,Si,63,7,Femenino
Visa,Antonio Garcia Ramirez,Brasil,21/10/2023,Zoila Perez Urias,Si,64,6,Femenino
Telered,Lucia Gerardo Urias,Japon,7/11/2026,Luis Nava Nava,Si,65,5,Masculino
Visa,Antonio Coppel Sanchez,USA,25/6/2025,Federico Lopez Ramirez,Si,66,8,Femenino
ACH,Sofia Urias Perez,USA,1/2/2026,Aurora Diaz Coppel,Si,67,10,Femenino
Visa,Yessenia Nava Ramirez,USA,11/9/2023,Lucia Coppel Sanchez,Si,68,7,Masculino
Visa,Luis Gimenez Perez,Mexico,20/11/2023,Anastacia Ramirez Garcia,Si,69,6,Masculino
ACH,Sofia Ramirez Garcia,Mexico,14/6/2026,Antonio Salazar Garcia,Si,70,10,Femenino
Visa,Alicia Sanchez Diaz,USA,25/3/2023,Felicitas Salazar Gimenez,Si,71,10,Masculino
ACH,Luis Mendoza Lopez,Brasil,16/8/2025,Daniel Garcia Mendoza,Si,72,8,Femenino
MasterCard,Luis Diaz Salazar,Brasil,24/12/2026,Daniel Nava Nava,Si,73,7,Masculino
MasterCard,Anastacia Diaz Sanchez,Mexico,4/1/2025,Luis Garcia Salazar,No,0,9,Masculino
ACH,Epifania Ramirez Gerardo,Mexico,9/12/2024,Federico Ramirez Diaz,Si,74,5,Masculino
Telered,Aurora Lopez Lopez,Francia,12/3/2024,Miguel Lopez Lopez,Si,75,7,Femenino
ACH,Maria Sanchez Mendoza,USA,16/10/2025,Yessenia Garcia Gimenez,No,0,10,Masculino
Visa,Federico Mendoza Perez,Japon,7/11/2026,Rebeca Sanchez Mendoza,No,0,6,Femenino
Telered,Anastacia Mendoza Sanchez,Japon,6/12/2024,Miguel Perez Garcia,Si,76,6,Masculino
ACH,Rebeca Urias Coppel,USA,4/9/2024,Miguel Diaz Salazar,Si,77,8,Masculino
Telered,Javier Sanchez Gimenez,Brasil,29/6/2023,Zoila Diaz Mendoza,Si,78,7,Masculino
Visa,Federico Garcia Lopez,Mexico,9/11/2025,Sofia Garcia Gimenez,Si,79,6,Femenino
ACH,Luis Diaz Sanchez,Francia,15/8/2026,Rebeca Gimenez Nava,Si,80,7,Masculino
Visa,Miguel Urias Lopez,Mexico,19/11/2023,Federico Nava Coppel,Si,81,8,Masculino
ACH,Felicitas Nava Perez,Mexico,11/10/2024,Plutarco Perez Garcia,Si,82,7,Masculino
ACH,Alicia Gerardo Lopez,Mexico,4/12/2026,Luis Urias Ramirez,Si,83,8,Masculino
ACH,Yessenia Ramirez Sanchez,Brasil,13/2/2023,Alicia Gerardo Coppel,No,0,9,Masculino
Visa,Felicitas Gerardo Urias,Francia,18/2/2026,Daniel Perez Nava,Si,84,6,Femenino
Telered,Luis Mendoza Sanchez,Brasil,19/12/2025,Telesforo Sanchez Salazar,Si,85,7,Masculino
Telered,Luis Gerardo Coppel,Japon,3/1/2025,Javier Garcia Gimenez,Si,86,10,Femenino
MasterCard,Miguel Mendoza Salazar,Japon,19/10/2023,Luis Gimenez Gerardo,Si,87,10,Masculino
Telered,Maria Sanchez Mendoza,Japon,22/7/2024,Luis Mendoza Urias,Si,88,5,Masculino
Telered,Yessenia Ramirez Urias,USA,11/7/2025,Anastacia Lopez Sanchez,No,0,6,Masculino
Telered,Zoila Gerardo Urias,USA,6/7/2023,Plutarco Sanchez Diaz,Si,89,9,Masculino
Visa,Epifania Diaz Perez,Brasil,31/5/2025,Anastacia Garcia Urias,No,0,7,Femenino
Telered,Maria Salazar Mendoza,Mexico,24/9/2025,Javier Gerardo Salazar,Si,90,6,Masculino
MasterCard,Lucia Sanchez Nava,Francia,17/3/2024,Lucia Ramirez Nava,No,0,5,Masculino
MasterCard,Aurora Lopez Salazar,Mexico,30/5/2025,Maria Salazar Gimenez,Si,91,9,Masculino
Visa,Antonio Lopez Gerardo,USA,18/9/2024,Telesforo Diaz Ramirez,No,0,7,Masculino
Telered,Javier Diaz Sanchez,USA,12/12/2023,Alicia Gimenez Perez,Si,92,6,Femenino
Telered,Carolina Garcia Diaz,Mexico,6/12/2023,Antonio Perez Garcia,Si,93,10,Masculino
Telered,Zoila Nava Gerardo,Brasil,31/9/2023,Amparito Urias Urias,Si,94,10,Femenino
Visa,Gomzalo Salazar Lopez,USA,9/2/2026,Luis Lopez Coppel,No,0,6,Femenino
MasterCard,Rebeca Garcia Lopez,USA,24/6/2023,Amparito Lopez Mendoza,No,0,8,Femenino
Telered,Sofia Lopez Coppel,USA,11/2/2025,Plutarco Mendoza Sanchez,No,0,6,Masculino
Telered,Plutarco Perez Gimenez,Japon,1/7/2024,Amparito Lopez Mendoza,No,0,9,Masculino
Visa,Luis Salazar Urias,Francia,5/5/2024,Anastacia Diaz Salazar,Si,95,9,Femenino
Visa,Juana Gerardo Nava,Francia,22/9/2023,Luis Nava Salazar,Si,96,10,Masculino
MasterCard,Antonio Sanchez Mendoza,USA,28/12/2023,Felicitas Mendoza Lopez,No,0,9,Femenino
Telered,Javier Gimenez Gimenez,USA,18/7/2024,Maria Urias Ramirez,Si,97,6,Masculino
Telered,Aurora Lopez Coppel,Mexico,15/3/2024,Aurora Salazar Garcia,Si,98,8,Masculino
Telered,Miguel Garcia Urias,Japon,22/1/2023,Yessenia Nava Gerardo,Si,99,10,Femenino
Telered,Plutarco Sanchez Perez,USA,24/4/2023,Rebeca Gerardo Gimenez,Si,100,5,Femenino
Visa,Amparito Lopez Garcia,Brasil,17/10/2025,Telesforo Lopez Mendoza,Si,101,7,Masculino
Visa,Anastacia Garcia Salazar,Francia,22/9/2025,Gomzalo Garcia Salazar,Si,102,7,Femenino
Telered,Felicitas Coppel Mendoza,USA,6/9/2023,Miguel Mendoza Gimenez,Si,103,5,Masculino
Telered,Felicitas Perez Salazar,Japon,28/8/2024,Juana Lopez Salazar,Si,104,6,Femenino
Visa,Carolina Garcia Urias,USA,3/4/2025,Felicitas Diaz Gimenez,No,0,7,Masculino
ACH,Gomzalo Ramirez Diaz,Brasil,31/8/2026,Miguel Sanchez Ramirez,No,0,10,Masculino
Telered,Miguel Gerardo Ramirez,USA,21/9/2023,Aurora Gerardo Gerardo,No,0,9,Femenino
Telered,Javier Gerardo Coppel,Francia,29/9/2024,Plutarco Garcia Mendoza,Si,105,7,Femenino
Visa,Carolina Diaz Sanchez,USA,6/10/2024,Gomzalo Diaz Perez,Si,106,6,Masculino
Visa,Telesforo Urias Coppel,USA,22/8/2025,Federico Perez Urias,Si,107,7,Femenino
Telered,Carolina Coppel Salazar,Francia,7/11/2025,Yessenia Diaz Lopez,Si,108,8,Masculino
ACH,Federico Diaz Garcia,Francia,29/1/2026,Lucia Coppel Diaz,No,0,8,Femenino
ACH,Rebeca Diaz Mendoza,Japon,21/1/2025,Yessenia Salazar Salazar,No,0,6,Masculino
Telered,Gomzalo Garcia Gerardo,USA,5/8/2025,Lucia Nava Urias,No,0,7,Femenino
Visa,Luis Diaz Urias,Japon,6/10/2023,Amparito Perez Nava,Si,109,5,Masculino
MasterCard,Sofia Coppel Diaz,Japon,16/3/2024,Maria Lopez Gimenez,No,0,5,Masculino
ACH,Plutarco Diaz Lopez,USA,12/11/2025,Javier Nava Sanchez,Si,110,7,Masculino
ACH,Daniel Coppel Diaz,USA,20/11/2026,Luis Ramirez Salazar,Si,111,5,Masculino
MasterCard,Sofia Salazar Urias,Mexico,14/5/2026,Luis Urias Diaz,Si,112,9,Masculino
Telered,Sofia Mendoza Garcia,Francia,2/9/2025,Felicitas Nava Coppel,Si,113,9,Masculino
ACH,Carolina Gerardo Urias,Francia,12/3/2026,Gomzalo Gerardo Gimenez,No,0,5,Masculino
MasterCard,Luis Garcia Diaz,USA,8/7/2024,Rebeca Garcia Garcia,Si,114,7,Masculino
ACH,Yessenia Lopez Lopez,Mexico,3/2/2023,Gomzalo Gimenez Ramirez,Si,115,5,Femenino
MasterCard,Amparito Diaz Nava,Mexico,15/4/2026,Carolina Coppel Perez,No,0,9,Masculino
Visa,Plutarco Diaz Coppel,USA,4/8/2023,Daniel Sanchez Gimenez,Si,116,6,Masculino
Visa,Aurora Ramirez Salazar,Mexico,4/4/2026,Luis Perez Sanchez,Si,117,10,Femenino
MasterCard,Maria Salazar Sanchez,Brasil,26/12/2024,Sofia Perez Salazar,Si,118,9,Masculino
MasterCard,Yessenia Garcia Gerardo,USA,9/7/2023,Federico Coppel Garcia,Si,119,7,Masculino
MasterCard,Lucia Coppel Diaz,Mexico,2/7/2024,Telesforo Diaz Sanchez,No,0,6,Femenino
Telered,Federico Sanchez Lopez,Mexico,20/8/2023,Yessenia Urias Sanchez,No,0,6,Masculino
Telered,Javier Gimenez Lopez,Japon,31/11/2025,Daniel Garcia Diaz,Si,120,5,Femenino
MasterCard,Telesforo Lopez Nava,Brasil,7/10/2025,Zoila Mendoza Garcia,Si,121,7,Femenino
ACH,Luis Diaz Perez,Mexico,3/8/2024,Gomzalo Mendoza Perez,Si,122,10,Masculino
Visa,Anastacia Nava Salazar,Francia,21/8/2023,Plutarco Diaz Sanchez,No,0,7,Masculino
MasterCard,Telesforo Sanchez Garcia,Japon,25/8/2026,Federico Ramirez Urias,No,0,8,Femenino
Visa,Carolina Perez Diaz,Japon,11/5/2026,Luis Gimenez Lopez,Si,123,7,Femenino
MasterCard,Zoila Gimenez Garcia,Brasil,13/4/2024,Epifania Salazar Perez,Si,124,5,Femenino
MasterCard,Plutarco Coppel Lopez,USA,18/7/2025,Alicia Gimenez Perez,No,0,7,Masculino
Visa,Aurora Garcia Salazar,Francia,1/6/2026,Carolina Mendoza Mendoza,No,0,7,Femenino
Visa,Javier Salazar Mendoza,Japon,13/5/2026,Plutarco Diaz Nava,No,0,6,Femenino
ACH,Sofia Gerardo Gerardo,Japon,31/7/2023,Daniel Urias Sanchez,Si,125,5,Femenino
MasterCard,Luis Salazar Nava,Mexico,21/5/2023,Rebeca Salazar Nava,Si,126,8,Masculino
ACH,Juana Diaz Mendoza,Francia,20/5/2026,Luis Diaz Coppel,Si,127,8,Femenino
Visa,Antonio Salazar Garcia,Japon,9/4/2023,Miguel Perez Perez,Si,128,7,Femenino
Visa,Luis Coppel Lopez,Francia,1/2/2026,Felicitas Sanchez Salazar,Si,129,7,Masculino
ACH,Zoila Lopez Perez,Francia,21/4/2023,Carolina Gimenez Salazar,No,0,9,Femenino
Visa,Luis Coppel Sanchez,Brasil,20/12/2023,Zoila Mendoza Nava,Si,130,7,Femenino
MasterCard,Carolina Garcia Salazar,Brasil,8/8/2025,Juana Diaz Gimenez,No,0,6,Femenino
Telered,Luis Perez Coppel,Mexico,29/12/2023,Antonio Garcia Perez,Si,131,6,Masculino
Telered,Yessenia Salazar Gerardo,Japon,7/11/2023,Amparito Sanchez Gerardo,No,0,6,Masculino
Visa,Gomzalo Diaz Nava,USA,9/6/2025,Epifania Gimenez Lopez,Si,132,5,Femenino
MasterCard,Maria Gimenez Ramirez,Francia,8/7/2024,Anastacia Gerardo Lopez,Si,133,6,Femenino
ACH,Zoila Mendoza Gimenez,Francia,11/12/2026,Epifania Garcia Sanchez,No,0,9,Femenino
MasterCard,Sofia Perez Salazar,USA,4/10/2025,Felicitas Garcia Sanchez,Si,134,7,Femenino
Telered,Nereida Lopez Mendoza,USA,3/3/2026,Zoila Urias Gimenez,No,0,9,Femenino
Visa,Federico Diaz Perez,Brasil,14/6/2024,Zoila Gerardo Salazar,Si,135,6,Femenino
MasterCard,Felicitas Perez Diaz,Brasil,20/8/2025,Felicitas Coppel Ramirez,Si,136,6,Masculino
Visa,Maria Ramirez Urias,USA,23/6/2026,Alicia Urias Coppel,No,0,7,Femenino
Telered,Carolina Garcia Salazar,Francia,5/3/2026,Gomzalo Nava Perez,Si,137,5,Femenino
Telered,Javier Gerardo Ramirez,Francia,8/9/2026,Epifania Urias Sanchez,Si,138,8,Masculino
Visa,Telesforo Coppel Garcia,Mexico,28/1/2024,Plutarco Sanchez Nava,Si,139,6,Femenino
ACH,Yessenia Salazar Mendoza,Mexico,5/8/2026,Rebeca Garcia Gerardo,Si,140,6,Masculino
Visa,Nereida Diaz Nava,Brasil,9/9/2024,Telesforo Sanchez Garcia,Si,141,6,Masculino
MasterCard,Yessenia Coppel Salazar,Mexico,24/12/2026,Antonio Ramirez Mendoza,Si,142,5,Masculino
Telered,Maria Lopez Salazar,USA,8/8/2024,Zoila Ramirez Sanchez,No,0,5,Femenino
MasterCard,Carolina Gerardo Sanchez,USA,25/5/2025,Lucia Gerardo Lopez,Si,143,9,Masculino
Visa,Daniel Garcia Perez,Mexico,9/12/2023,Antonio Garcia Diaz,Si,144,10,Masculino
Visa,Telesforo Urias Ramirez,Brasil,31/11/2023,Luis Gerardo Lopez,No,0,6,Femenino
MasterCard,Telesforo Coppel Gimenez,Brasil,24/2/2023,Lucia Gerardo Perez,Si,145,8,Femenino
Visa,Maria Gimenez Gerardo,Japon,24/10/2025,Miguel Gerardo Coppel,Si,146,10,Masculino
ACH,Miguel Gerardo Diaz,Japon,26/11/2023,Rebeca Garcia Urias,Si,147,7,Femenino
Visa,Lucia Coppel Mendoza,Brasil,17/1/2026,Plutarco Gimenez Garcia,No,0,5,Femenino
Telered,Anastacia Diaz Lopez,Francia,2/10/2025,Federico Gimenez Nava,No,0,7,Femenino
MasterCard,Antonio Gimenez Lopez,Mexico,11/4/2025,Maria Urias Lopez,Si,148,5,Masculino
Visa,Luis Perez Ramirez,USA,20/11/2024,Telesforo Perez Gerardo,No,0,5,Masculino
Visa,Zoila Gerardo Diaz,Mexico,5/11/2024,Zoila Garcia Diaz,No,0,8,Masculino
MasterCard,Carolina Gimenez Diaz,Francia,23/2/2023,Miguel Salazar Mendoza,No,0,6,Femenino
Visa,Lucia Perez Gimenez,Japon,17/11/2026,Luis Sanchez Coppel,No,0,6,Femenino
MasterCard,Zoila Lopez Perez,Mexico,2/2/2026,Nereida Coppel Urias,Si,149,8,Masculino
MasterCard,Amparito Gimenez Nava,Brasil,28/12/2024,Luis Gimenez Salazar,No,0,7,Masculino
ACH,Yessenia Mendoza Urias,Francia,28/1/2024,Daniel Nava Lopez,No,0,8,Femenino
Visa,Javier Diaz Gimenez,Francia,26/5/2025,Plutarco Diaz Nava,No,0,8,Masculino
Telered,Aurora Perez Coppel,Francia,24/5/2025,Epifania Salazar Gimenez,No,0,6,Femenino
Visa,Rebeca Salazar Urias,Brasil,16/1/2025,Gomzalo Diaz Gimenez,No,0,9,Femenino
ACH,Javier Garcia Garcia,Francia,26/4/2024,Lucia Nava Mendoza,No,0,6,Masculino
ACH,Maria Diaz Ramirez,Japon,3/3/2023,Amparito Sanchez Perez,Si,150,6,Masculino
ACH,Yessenia Diaz Coppel,Francia,20/6/2023,Sofia Diaz Lopez,No,0,7,Femenino
Telered,Gomzalo Salazar Diaz,USA,6/9/2023,Epifania Ramirez Ramirez,No,0,10,Masculino
Telered,Nereida Gimenez Lopez,Japon,1/11/2026,Luis Perez Ramirez,No,0,7,Masculino
Telered,Gomzalo Coppel Ramirez,Francia,5/10/2026,Luis Nava Diaz,Si,151,10,Masculino
Visa,Sofia Gimenez Garcia,Brasil,30/1/2024,Gomzalo Salazar Nava,Si,152,6,Masculino
Visa,Daniel Mendoza Ramirez,Mexico,11/8/2025,Juana Sanchez Sanchez,No,0,8,Femenino
MasterCard,Luis Ramirez Lopez,Japon,24/7/2023,Luis Gerardo Mendoza,Si,153,10,Femenino
Telered,Yessenia Lopez Gimenez,Mexico,13/1/2026,Yessenia Gimenez Coppel,Si,154,9,Femenino
Visa,Plutarco Perez Mendoza,Japon,19/12/2024,Luis Urias Perez,No,0,10,Masculino
ACH,Luis Gimenez Salazar,Brasil,23/7/2026,Plutarco Urias Sanchez,Si,155,9,Femenino
ACH,Telesforo Sanchez Gerardo,Mexico,11/12/2025,Aurora Salazar Urias,No,0,10,Femenino
MasterCard,Felicitas Coppel Mendoza,Francia,18/4/2025,Luis Ramirez Salazar,No,0,10,Masculino
Telered,Federico Ramirez Garcia,Francia,25/9/2023,Telesforo Gimenez Perez,No,0,9,Masculino
Telered,Luis Ramirez Gimenez,Japon,20/12/2024,Zoila Mendoza Urias,No,0,9,Masculino
MasterCard,Federico Salazar Salazar,Brasil,20/4/2024,Miguel Sanchez Lopez,Si,156,10,Masculino
Visa,Yessenia Urias Coppel,Brasil,4/10/2026,Lucia Urias Coppel,Si,157,10,Femenino
Visa,Felicitas Mendoza Nava,Mexico,11/2/2023,Federico Garcia Gimenez,Si,158,5,Masculino
Visa,Miguel Diaz Diaz,Francia,4/2/2024,Yessenia Gimenez Lopez,Si,159,6,Femenino
Telered,Carolina Gimenez Sanchez,Francia,7/9/2023,Juana Nava Diaz,Si,160,5,Femenino
MasterCard,Amparito Gimenez Gimenez,USA,17/4/2023,Nereida Lopez Urias,Si,161,6,Femenino
Visa,Yessenia Diaz Salazar,Brasil,8/7/2024,Federico Mendoza Lopez,Si,162,7,Masculino
Visa,Daniel Mendoza Diaz,USA,25/9/2023,Javier Coppel Mendoza,Si,163,7,Masculino
MasterCard,Anastacia Salazar Sanchez,Francia,25/5/2026,Plutarco Sanchez Gimenez,Si,164,7,Masculino
MasterCard,Aurora Gerardo Garcia,Japon,10/11/2026,Yessenia Gimenez Diaz,No,0,6,Masculino
MasterCard,Federico Ramirez Gimenez,Japon,25/2/2023,Zoila Sanchez Garcia,No,0,5,Femenino
Visa,Carolina Salazar Perez,Mexico,8/5/2023,Gomzalo Sanchez Gerardo,Si,165,8,Masculino
ACH,Aurora Lopez Sanchez,Brasil,19/4/2026,Gomzalo Nava Lopez,Si,166,8,Femenino
ACH,Maria Gimenez Garcia,USA,25/9/2026,Maria Coppel Garcia,Si,167,8,Masculino
ACH,Alicia Gerardo Salazar,Francia,1/1/2023,Felicitas Urias Coppel,No,0,6,Femenino
MasterCard,Sofia Coppel Diaz,Mexico,23/10/2026,Rebeca Salazar Gerardo,No,0,9,Masculino
Telered,Telesforo Sanchez Gerardo,Japon,18/11/2025,Sofia Salazar Mendoza,No,0,9,Masculino
Visa,Yessenia Diaz Urias,Francia,8/10/2026,Plutarco Ramirez Diaz,No,0,8,Femenino
Visa,Amparito Garcia Sanchez,Mexico,20/1/2023,Telesforo Mendoza Urias,Si,168,7,Femenino
Telered,Rebeca Ramirez Diaz,Brasil,6/11/2026,Miguel Urias Gimenez,No,0,5,Femenino
Telered,Zoila Diaz Nava,Francia,8/9/2026,Yessenia Garcia Gerardo,No,0,8,Masculino
MasterCard,Felicitas Coppel Ramirez,Mexico,23/3/2026,Yessenia Mendoza Salazar,Si,169,7,Femenino
Visa,Sofia Nava Lopez,Brasil,29/3/2025,Luis Gerardo Gerardo,Si,170,10,Femenino
Visa,Anastacia Gimenez Sanchez,Mexico,14/7/2025,Felicitas Perez Mendoza,No,0,5,Masculino
Telered,Antonio Sanchez Coppel,USA,18/12/2024,Daniel Gerardo Gerardo,Si,171,5,Masculino
Telered,Alicia Lopez Garcia,Japon,1/1/2026,Juana Sanchez Mendoza,Si,172,6,Femenino
Visa,Plutarco Garcia Urias,Mexico,8/1/2026,Luis Lopez Lopez,No,0,7,Femenino
ACH,Plutarco Nava Mendoza,Francia,3/5/2025,Zoila Salazar Nava,No,0,8,Masculino
Visa,Amparito Salazar Gerardo,Japon,16/3/2023,Nereida Salazar Mendoza,Si,173,10,Femenino
Visa,Maria Gimenez Perez,Brasil,23/9/2025,Daniel Lopez Nava,Si,174,8,Masculino
Telered,Epifania Ramirez Nava,USA,6/8/2025,Daniel Ramirez Lopez,Si,175,7,Femenino
Visa,Sofia Salazar Ramirez,Japon,15/2/2025,Miguel Mendoza Diaz,No,0,9,Femenino
ACH,Carolina Salazar Garcia,Brasil,14/1/2025,Amparito Urias Gerardo,No,0,8,Masculino
Telered,Nereida Gerardo Coppel,Brasil,30/12/2024,Aurora Ramirez Garcia,No,0,7,Femenino
ACH,Epifania Nava Lopez,Japon,20/6/2024,Plutarco Salazar Mendoza,Si,176,9,Femenino
ACH,Aurora Diaz Ramirez,Brasil,17/10/2024,Gomzalo Mendoza Coppel,Si,177,9,Masculino
MasterCard,Antonio Ramirez Salazar,Brasil,29/3/2026,Javier Urias Nava,Si,178,9,Femenino
ACH,Carolina Gerardo Nava,Mexico,8/7/2023,Carolina Gerardo Mendoza,Si,179,9,Masculino
ACH,Luis Gimenez Urias,Brasil,12/8/2024,Aurora Ramirez Sanchez,Si,180,7,Masculino
MasterCard,Carolina Salazar Coppel,Mexico,8/12/2024,Anastacia Urias Gimenez,No,0,8,Masculino
Telered,Plutarco Diaz Perez,USA,18/8/2023,Zoila Diaz Urias,No,0,7,Femenino
ACH,Zoila Diaz Mendoza,Brasil,22/10/2025,Javier Salazar Perez,Si,181,5,Masculino
Telered,Amparito Coppel Gerardo,Mexico,27/4/2025,Telesforo Diaz Coppel,No,0,10,Masculino
MasterCard,Yessenia Mendoza Nava,Japon,31/9/2023,Epifania Urias Lopez,Si,182,8,Masculino
ACH,Lucia Sanchez Gerardo,USA,9/11/2023,Alicia Mendoza Urias,Si,183,5,Femenino
Telered,Alicia Gimenez Salazar,Mexico,4/8/2024,Maria Urias Perez,No,0,6,Femenino
ACH,Carolina Nava Lopez,Mexico,17/10/2025,Yessenia Urias Gerardo,No,0,8,Masculino
Telered,Anastacia Gerardo Gimenez,Brasil,8/8/2023,Alicia Nava Diaz,Si,184,9,Femenino
Visa,Aurora Mendoza Garcia,Mexico,31/1/2026,Carolina Salazar Sanchez,Si,185,10,Femenino
MasterCard,Telesforo Garcia Lopez,Francia,3/7/2026,Plutarco Perez Diaz,No,0,8,Femenino
ACH,Nereida Coppel Diaz,Francia,6/5/2026,Maria Lopez Nava,Si,186,7,Femenino
Telered,Lucia Diaz Urias,Japon,5/2/2024,Epifania Ramirez Salazar,Si,187,9,Masculino
Visa,Lucia Lopez Garcia,Brasil,6/10/2023,Nereida Diaz Gerardo,No,0,7,Femenino
MasterCard,Federico Mendoza Urias,Mexico,18/3/2026,Telesforo Gerardo Perez,Si,188,7,Femenino
Visa,Amparito Nava Garcia,Brasil,24/10/2024,Juana Urias Coppel,Si,189,10,Femenino
ACH,Gomzalo Perez Sanchez,USA,16/6/2025,Sofia Ramirez Perez,No,0,9,Masculino
Telered,Telesforo Nava Coppel,Japon,22/12/2023,Anastacia Salazar Sanchez,No,0,9,Femenino
Visa,Carolina Ramirez Gimenez,Mexico,18/7/2025,Epifania Lopez Nava,No,0,6,Femenino
Visa,Luis Ramirez Gerardo,USA,18/3/2025,Gomzalo Lopez Ramirez,No,0,9,Masculino
MasterCard,Federico Gimenez Ramirez,Brasil,5/8/2025,Lucia Urias Sanchez,No,0,10,Masculino
ACH,Federico Lopez Perez,USA,18/10/2025,Luis Gerardo Salazar,Si,190,9,Masculino
ACH,Telesforo Garcia Mendoza,Francia,18/5/2025,Nereida Gerardo Sanchez,No,0,7,Masculino
ACH,Gomzalo Salazar Garcia,Brasil,2/3/2025,Daniel Lopez Perez,Si,191,5,Femenino
ACH,Daniel Diaz Sanchez,Francia,29/8/2024,Epifania Urias Coppel,No,0,8,Masculino
ACH,Gomzalo Gimenez Sanchez,Japon,1/12/2026,Daniel Gerardo Lopez,Si,192,10,Masculino
MasterCard,Nereida Urias Lopez,Brasil,30/12/2026,Yessenia Gerardo Mendoza,No,0,5,Femenino
MasterCard,Felicitas Ramirez Nava,USA,20/11/2026,Gomzalo Diaz Sanchez,No,0,7,Femenino
Visa,Felicitas Coppel Garcia,Japon,14/11/2025,Alicia Nava Gerardo,Si,193,5,Femenino
Telered,Yessenia Gerardo Salazar,Japon,21/4/2025,Alicia Nava Salazar,Si,194,9,Masculino
ACH,Lucia Coppel Garcia,Mexico,15/8/2026,Carolina Diaz Perez,No,0,5,Masculino
MasterCard,Daniel Mendoza Ramirez,Brasil,7/6/2024,Felicitas Lopez Nava,No,0,6,Masculino
MasterCard,Carolina Gimenez Urias,Brasil,14/7/2023,Federico Urias Mendoza,No,0,8,Masculino
MasterCard,Federico Lopez Salazar,Francia,10/1/2026,Luis Salazar Gerardo,Si,195,6,Masculino
Visa,Plutarco Diaz Ramirez,Francia,24/11/2026,Luis Coppel Lopez,No,0,6,Masculino
ACH,Lucia Lopez Nava,USA,1/10/2024,Alicia Mendoza Sanchez,No,0,9,Masculino
Telered,Luis Diaz Mendoza,Japon,27/10/2023,Gomzalo Ramirez Coppel,Si,196,10,Masculino
Visa,Epifania Sanchez Salazar,Francia,28/12/2024,Lucia Ramirez Garcia,Si,197,5,Femenino
MasterCard,Juana Urias Perez,Mexico,26/12/2026,Juana Diaz Lopez,Si,198,10,Masculino
ACH,Maria Salazar Urias,Mexico,2/12/2026,Antonio Garcia Urias,No,0,8,Femenino
ACH,Lucia Gimenez Diaz,Mexico,19/2/2025,Luis Gerardo Diaz,Si,199,8,Masculino
ACH,Aurora Gerardo Salazar,Brasil,17/7/2025,Telesforo Diaz Gerardo,Si,200,5,Masculino
ACH,Lucia Coppel Urias,USA,29/3/2024,Carolina Gerardo Urias,Si,201,6,Masculino
Telered,Lucia Perez Sanchez,Japon,9/11/2025,Nereida Gerardo Salazar,Si,202,9,Masculino
MasterCard,Telesforo Diaz Mendoza,Japon,25/1/2025,Amparito Salazar Urias,No,0,5,Femenino
MasterCard,Rebeca Lopez Sanchez,USA,24/7/2023,Epifania Coppel Sanchez,Si,203,6,Masculino
ACH,Zoila Diaz Diaz,Japon,13/1/2023,Anastacia Coppel Sanchez,Si,204,8,Masculino
ACH,Aurora Sanchez Coppel,USA,4/10/2023,Maria Gimenez Perez,No,0,8,Masculino
MasterCard,Gomzalo Gerardo Diaz,Japon,30/5/2025,Plutarco Diaz Coppel,No,0,5,Masculino
Visa,Felicitas Perez Lopez,Mexico,6/3/2023,Plutarco Perez Urias,No,0,8,Masculino
MasterCard,Federico Salazar Nava,USA,14/11/2026,Sofia Salazar Lopez,No,0,7,Femenino
Telered,Alicia Nava Urias,Francia,30/5/2024,Alicia Urias Lopez,No,0,6,Femenino
MasterCard,Sofia Ramirez Lopez,Japon,28/3/2025,Javier Diaz Ramirez,No,0,5,Masculino
Visa,Carolina Gimenez Urias,Mexico,3/11/2024,Daniel Coppel Salazar,No,0,9,Femenino
Telered,Epifania Sanchez Coppel,Brasil,12/2/2023,Telesforo Sanchez Lopez,Si,205,7,Masculino
Telered,Telesforo Diaz Urias,USA,5/12/2025,Gomzalo Salazar Perez,No,0,9,Masculino
ACH,Alicia Urias Gimenez,Brasil,4/10/2024,Antonio Coppel Sanchez,No,0,5,Femenino
ACH,Telesforo Diaz Mendoza,Japon,4/11/2023,Lucia Urias Lopez,Si,206,7,Femenino
Visa,Juana Urias Mendoza,Japon,23/3/2025,Javier Perez Salazar,Si,207,10,Femenino
Visa,Anastacia Coppel Lopez,USA,23/5/2024,Anastacia Garcia Ramirez,Si,208,5,Masculino
ACH,Nereida Diaz Nava,Francia,7/4/2026,Juana Salazar Urias,Si,209,8,Masculino
MasterCard,Plutarco Lopez Sanchez,Francia,31/8/2024,Carolina Sanchez Urias,Si,210,5,Masculino
Telered,Nereida Urias Lopez,Mexico,4/3/2024,Aurora Perez Gimenez,No,0,5,Masculino
ACH,Yessenia Urias Gerardo,USA,20/1/2026,Anastacia Ramirez Perez,No,0,9,Femenino
MasterCard,Plutarco Sanchez Coppel,Japon,27/2/2023,Maria Ramirez Nava,No,0,5,Femenino
MasterCard,Javier Salazar Gimenez,Brasil,28/6/2024,Gomzalo Sanchez Gerardo,No,0,6,Femenino
Telered,Aurora Garcia Mendoza,Mexico,2/6/2025,Federico Gerardo Gimenez,No,0,9,Masculino
MasterCard,Daniel Urias Mendoza,Japon,12/1/2025,Juana Urias Lopez,Si,211,8,Masculino
Visa,Aurora Diaz Salazar,Mexico,24/3/2023,Felicitas Gimenez Lopez,Si,212,6,Masculino
Visa,Aurora Ramirez Sanchez,Japon,8/5/2025,Amparito Urias Mendoza,Si,213,8,Femenino
Telered,Aurora Diaz Diaz,USA,14/3/2025,Luis Diaz Ramirez,Si,214,9,Masculino
Visa,Luis Gimenez Gerardo,Mexico,17/3/2026,Juana Sanchez Sanchez,Si,215,6,Femenino
Telered,Luis Coppel Salazar,Japon,12/1/2023,Federico Gerardo Diaz,No,0,5,Masculino
MasterCard,Amparito Sanchez Nava,Mexico,26/11/2025,Carolina Lopez Ramirez,No,0,8,Femenino
Telered,Maria Mendoza Garcia,Francia,26/1/2024,Luis Diaz Perez,No,0,10,Masculino
MasterCard,Felicitas Lopez Coppel,Japon,16/9/2024,Amparito Gerardo Coppel,Si,216,5,Femenino
ACH,Juana Coppel Mendoza,Brasil,20/12/2026,Miguel Gimenez Perez,Si,217,9,Masculino
ACH,Epifania Coppel Nava,Japon,19/7/2024,Juana Garcia Diaz,Si,218,5,Femenino
MasterCard,Miguel Diaz Diaz,USA,4/1/2024,Alicia Nava Nava,Si,219,8,Femenino
Visa,Carolina Salazar Mendoza,Mexico,1/8/2025,Nereida Mendoza Diaz,Si,220,10,Femenino
Telered,Federico Perez Urias,Brasil,15/12/2023,Antonio Urias Urias,Si,221,7,Femenino
Telered,Aurora Gimenez Salazar,Japon,3/6/2024,Nereida Gerardo Garcia,No,0,5,Masculino
ACH,Federico Diaz Sanchez,Francia,5/1/2023,Juana Nava Gimenez,No,0,9,Femenino
ACH,Federico Garcia Gimenez,USA,23/5/2025,Antonio Salazar Diaz,Si,222,9,Femenino
Visa,Sofia Gerardo Urias,Japon,7/6/2025,Sofia Perez Salazar,No,0,5,Masculino
MasterCard,Gomzalo Garcia Lopez,Francia,18/7/2025,Nereida Diaz Nava,No,0,7,Femenino
ACH,Antonio Salazar Nava,Brasil,15/10/2024,Anastacia Salazar Nava,Si,223,6,Femenino
MasterCard,Juana Nava Perez,USA,25/10/2023,Antonio Nava Mendoza,No,0,7,Masculino
MasterCard,Sofia Diaz Mendoza,Mexico,14/5/2023,Aurora Mendoza Lopez,No,0,6,Femenino
Telered,Sofia Lopez Perez,Japon,22/2/2026,Maria Gerardo Ramirez,Si,224,9,Masculino
Telered,Telesforo Diaz Coppel,Mexico,9/4/2024,Maria Mendoza Nava,No,0,6,Masculino
Visa,Sofia Diaz Lopez,USA,4/4/2026,Luis Nava Urias,Si,225,5,Femenino
MasterCard,Lucia Gerardo Garcia,Brasil,9/9/2026,Sofia Garcia Gimenez,No,0,8,Femenino
MasterCard,Miguel Coppel Lopez,USA,3/7/2026,Luis Sanchez Gimenez,Si,226,5,Femenino
ACH,Yessenia Mendoza Ramirez,USA,24/8/2025,Alicia Diaz Garcia,Si,227,9,Femenino
Telered,Epifania Salazar Mendoza,USA,16/1/2025,Luis Ramirez Perez,Si,228,7,Masculino
Telered,Nereida Mendoza Salazar,Brasil,21/10/2024,Antonio Mendoza Perez,Si,229,5,Masculino
MasterCard,Plutarco Perez Salazar,USA,25/2/2025,Carolina Coppel Coppel,Si,230,8,Masculino
Visa,Alicia Coppel Urias,USA,26/12/2025,Maria Urias Urias,Si,231,5,Femenino
MasterCard,Alicia Salazar Nava,Japon,31/2/2025,Carolina Salazar Mendoza,No,0,8,Femenino
Visa,Gomzalo Nava Nava,Mexico,18/4/2025,Anastacia Gimenez Gerardo,Si,232,10,Femenino
MasterCard,Plutarco Perez Nava,Brasil,17/5/2026,Lucia Garcia Lopez,No,0,5,Masculino
MasterCard,Felicitas Mendoza Coppel,Francia,17/12/2025,Telesforo Lopez Urias,Si,233,5,Femenino
Telered,Aurora Urias Gimenez,Japon,22/4/2023,Nereida Ramirez Garcia,No,0,10,Masculino
ACH,Miguel Sanchez Diaz,Francia,9/7/2025,Felicitas Lopez Urias,No,0,6,Femenino
MasterCard,Yessenia Mendoza Ramirez,Brasil,22/11/2026,Sofia Mendoza Ramirez,No,0,10,Femenino
Visa,Antonio Coppel Mendoza,Francia,11/4/2024,Carolina Lopez Urias,Si,234,5,Femenino
ACH,Aurora Garcia Lopez,Francia,1/5/2023,Javier Gerardo Mendoza,Si,235,6,Femenino
MasterCard,Telesforo Salazar Salazar,Mexico,17/7/2026,Epifania Garcia Lopez,No,0,9,Masculino
MasterCard,Zoila Perez Salazar,Francia,8/6/2025,Alicia Gerardo Sanchez,Si,236,5,Femenino
Telered,Juana Ramirez Coppel,Francia,7/12/2025,Zoila Gerardo Diaz,No,0,7,Femenino
MasterCard,Sofia Gerardo Perez,Japon,18/11/2026,Anastacia Lopez Diaz,Si,237,10,Masculino
Telered,Zoila Gerardo Garcia,Mexico,3/3/2025,Amparito Perez Diaz,No,0,5,Masculino
MasterCard,Telesforo Gimenez Perez,Francia,25/11/2025,Luis Mendoza Lopez,Si,238,6,Femenino
ACH,Nereida Sanchez Lopez,Japon,2/9/2026,Lucia Salazar Garcia,No,0,6,Femenino
MasterCard,Sofia Diaz Gerardo,Francia,12/10/2023,Maria Salazar Nava,Si,239,7,Masculino
MasterCard,Telesforo Gimenez Garcia,Mexico,16/1/2024,Daniel Gerardo Coppel,No,0,10,Masculino
Visa,Telesforo Lopez Coppel,USA,21/7/2024,Juana Nava Coppel,Si,240,9,Masculino
Telered,Nereida Urias Salazar,USA,17/4/2023,Zoila Gerardo Gerardo,No,0,7,Masculino
Visa,Javier Salazar Gimenez,Francia,28/9/2025,Maria Gerardo Perez,Si,241,5,Masculino
Visa,Daniel Sanchez Nava,Japon,22/11/2025,Antonio Mendoza Coppel,No,0,8,Masculino
MasterCard,Alicia Coppel Perez,Mexico,22/3/2025,Luis Gerardo Sanchez,Si,242,7,Femenino
Visa,Miguel Salazar Gerardo,USA,29/6/2026,Aurora Mendoza Mendoza,Si,243,7,Femenino
Visa,Maria Diaz Coppel,USA,18/1/2026,Yessenia Diaz Ramirez,Si,244,6,Masculino
Telered,Carolina Diaz Ramirez,Francia,24/2/2023,Gomzalo Diaz Garcia,No,0,5,Masculino
Telered,Alicia Garcia Salazar,Japon,17/6/2024,Sofia Lopez Lopez,Si,245,10,Masculino
ACH,Daniel Urias Mendoza,Mexico,21/12/2026,Yessenia Gerardo Salazar,No,0,7,Masculino
Visa,Federico Perez Garcia,Mexico,10/10/2023,Gomzalo Coppel Gerardo,Si,246,5,Femenino
ACH,Yessenia Ramirez Coppel,USA,30/5/2023,Telesforo Gimenez Urias,Si,247,8,Masculino
Telered,Miguel Salazar Gerardo,Japon,16/1/2026,Epifania Perez Salazar,Si,248,6,Femenino
MasterCard,Felicitas Gerardo Gerardo,Brasil,9/3/2025,Nereida Garcia Coppel,Si,249,7,Masculino
MasterCard,Federico Sanchez Lopez,Brasil,27/3/2023,Luis Urias Urias,Si,250,5,Masculino
MasterCard,Sofia Urias Sanchez,Japon,30/5/2023,Plutarco Diaz Diaz,Si,251,9,Masculino
MasterCard,Plutarco Gimenez Nava,Japon,23/1/2025,Aurora Gerardo Mendoza,Si,252,8,Femenino
Telered,Miguel Sanchez Gimenez,Japon,15/6/2026,Zoila Ramirez Salazar,Si,253,8,Femenino
MasterCard,Telesforo Diaz Garcia,Japon,6/5/2024,Amparito Coppel Gimenez,Si,254,6,Masculino
Telered,Sofia Perez Diaz,Brasil,5/9/2023,Lucia Mendoza Garcia,Si,255,6,Masculino
Telered,Zoila Ramirez Diaz,Brasil,24/10/2025,Epifania Perez Coppel,No,0,7,Femenino
Visa,Juana Nava Perez,Brasil,23/6/2024,Rebeca Lopez Nava,No,0,7,Masculino
ACH,Aurora Gimenez Urias,Japon,20/6/2023,Javier Diaz Sanchez,Si,256,6,Femenino
ACH,Zoila Sanchez Sanchez,Brasil,19/2/2023,Luis Coppel Urias,No,0,5,Masculino
MasterCard,Amparito Gimenez Gimenez,Brasil,6/7/2026,Antonio Gimenez Ramirez,Si,257,6,Femenino
ACH,Luis Sanchez Coppel,Brasil,22/12/2023,Carolina Lopez Nava,Si,258,7,Masculino
Visa,Alicia Urias Sanchez,USA,24/10/2023,Luis Perez Perez,No,0,9,Masculino
Telered,Rebeca Garcia Mendoza,USA,11/7/2025,Miguel Ramirez Lopez,Si,259,8,Femenino
Visa,Plutarco Ramirez Coppel,Brasil,18/12/2023,Telesforo Gimenez Nava,No,0,7,Masculino
Visa,Federico Urias Ramirez,Francia,10/4/2025,Maria Urias Lopez,No,0,6,Masculino
Visa,Nereida Diaz Gerardo,Brasil,2/5/2025,Aurora Lopez Gimenez,Si,260,8,Masculino
MasterCard,Anastacia Urias Ramirez,Japon,21/8/2026,Alicia Gerardo Garcia,Si,261,7,Masculino
Telered,Gomzalo Coppel Mendoza,USA,5/6/2026,Felicitas Gimenez Perez,No,0,5,Femenino
Visa,Juana Mendoza Sanchez,Japon,31/12/2024,Telesforo Diaz Urias,Si,262,10,Masculino
MasterCard,Gomzalo Diaz Salazar,Mexico,15/1/2025,Gomzalo Garcia Nava,Si,263,8,Femenino
Visa,Alicia Mendoza Salazar,Japon,6/1/2026,Alicia Garcia Coppel,No,0,10,Femenino
Telered,Maria Gerardo Salazar,USA,3/7/2023,Federico Diaz Sanchez,Si,264,6,Femenino
MasterCard,Federico Coppel Nava,USA,9/7/2025,Maria Sanchez Urias,No,0,6,Masculino
ACH,Aurora Salazar Sanchez,USA,7/10/2026,Telesforo Nava Sanchez,Si,265,5,Masculino
MasterCard,Daniel Perez Perez,USA,28/7/2025,Luis Diaz Garcia,No,0,7,Femenino
Telered,Felicitas Salazar Salazar,Japon,2/11/2024,Daniel Salazar Salazar,No,0,8,Masculino
ACH,Plutarco Perez Ramirez,USA,25/5/2023,Zoila Ramirez Gimenez,Si,266,10,Femenino
Visa,Luis Gimenez Perez,Francia,11/4/2025,Antonio Ramirez Sanchez,Si,267,7,Masculino
Visa,Felicitas Gimenez Ramirez,USA,3/1/2024,Telesforo Diaz Lopez,Si,268,9,Femenino
Visa,Plutarco Mendoza Mendoza,Brasil,16/7/2026,Juana Urias Nava,No,0,8,Femenino
MasterCard,Gomzalo Coppel Nava,Francia,24/8/2025,Zoila Perez Coppel,Si,269,8,Femenino
Visa,Antonio Coppel Diaz,Francia,13/6/2026,Yessenia Sanchez Coppel,Si,270,9,Masculino
MasterCard,Zoila Nava Perez,Francia,17/6/2024,Nereida Coppel Nava,Si,271,7,Femenino
Visa,Epifania Sanchez Gimenez,Japon,22/3/2024,Maria Salazar Coppel,Si,272,5,Masculino
Visa,Gomzalo Coppel Coppel,Mexico,12/7/2023,Maria Sanchez Garcia,Si,273,8,Femenino
Visa,Alicia Urias Diaz,Mexico,21/4/2024,Javier Gerardo Diaz,Si,274,5,Masculino
Visa,Juana Gerardo Perez,Japon,22/4/2024,Miguel Ramirez Gerardo,No,0,8,Masculino
MasterCard,Luis Nava Diaz,Francia,6/3/2023,Telesforo Sanchez Diaz,Si,275,5,Femenino
MasterCard,Plutarco Salazar Gimenez,Brasil,9/10/2025,Zoila Garcia Mendoza,No,0,6,Masculino
ACH,Maria Nava Gerardo,Mexico,3/4/2026,Nereida Coppel Gerardo,Si,276,5,Femenino
MasterCard,Felicitas Perez Nava,Mexico,1/1/2023,Daniel Garcia Salazar,Si,277,7,Masculino
Visa,Maria Urias Diaz,Japon,18/8/2023,Zoila Mendoza Nava,Si,278,8,Masculino
MasterCard,Plutarco Gerardo Ramirez,Mexico,27/3/2025,Luis Gimenez Lopez,No,0,7,Masculino
Visa,Yessenia Lopez Coppel,USA,22/3/2023,Aurora Coppel Urias,Si,279,9,Femenino
MasterCard,Lucia Gimenez Urias,Brasil,8/6/2025,Aurora Lopez Gerardo,Si,280,8,Femenino
Telered,Aurora Urias Mendoza,USA,13/3/2023,Plutarco Sanchez Salazar,No,0,10,Masculino
ACH,Carolina Gerardo Garcia,Japon,30/12/2026,Plutarco Mendoza Mendoza,Si,281,9,Femenino
ACH,Alicia Gerardo Salazar,Mexico,10/4/2026,Telesforo Ramirez Garcia,Si,282,8,Femenino
Telered,Alicia Garcia Ramirez,Francia,28/4/2026,Yessenia Perez Sanchez,Si,283,10,Femenino
Telered,Telesforo Urias Ramirez,Brasil,8/8/2023,Epifania Sanchez Gimenez,No,0,5,Femenino
Visa,Antonio Ramirez Perez,Brasil,8/2/2023,Felicitas Coppel Diaz,Si,284,7,Masculino
MasterCard,Maria Gerardo Sanchez,USA,21/2/2025,Federico Gerardo Urias,Si,285,8,Femenino
Telered,Anastacia Diaz Coppel,USA,28/12/2025,Juana Ramirez Urias,Si,286,7,Femenino
ACH,Miguel Diaz Sanchez,Japon,20/7/2024,Juana Gimenez Sanchez,Si,287,7,Femenino
Telered,Rebeca Ramirez Nava,USA,19/2/2026,Yessenia Garcia Nava,Si,288,9,Femenino
MasterCard,Amparito Urias Gerardo,Francia,22/1/2023,Federico Lopez Gerardo,Si,289,5,Femenino
Visa,Antonio Lopez Salazar,Japon,16/9/2026,Rebeca Sanchez Urias,Si,290,10,Masculino
ACH,Yessenia Ramirez Gerardo,USA,19/8/2025,Anastacia Salazar Nava,No,0,9,Femenino
Telered,Rebeca Gerardo Gimenez,Japon,14/5/2023,Miguel Gimenez Ramirez,Si,291,8,Masculino
ACH,Gomzalo Gimenez Garcia,Mexico,12/12/2023,Daniel Ramirez Diaz,Si,292,6,Femenino
Visa,Juana Salazar Garcia,Francia,3/12/2023,Amparito Gimenez Sanchez,Si,293,6,Femenino
Visa,Daniel Garcia Sanchez,Mexico,28/12/2024,Yessenia Sanchez Perez,Si,294,10,Masculino
Telered,Aurora Garcia Salazar,Francia,29/4/2025,Felicitas Nava Nava,No,0,10,Femenino
Telered,Epifania Diaz Mendoza,USA,9/10/2023,Luis Ramirez Perez,No,0,9,Masculino
Visa,Amparito Mendoza Diaz,Brasil,4/8/2023,Yessenia Garcia Sanchez,Si,295,8,Masculino
Telered,Plutarco Sanchez Salazar,Mexico,30/8/2025,Epifania Salazar Nava,No,0,10,Masculino
MasterCard,Anastacia Garcia Urias,Mexico,15/11/2026,Alicia Lopez Urias,No,0,7,Masculino
MasterCard,Lucia Diaz Gimenez,Francia,28/4/2026,Anastacia Nava Garcia,Si,296,7,Masculino
ACH,Telesforo Lopez Coppel,Mexico,17/2/2024,Gomzalo Lopez Diaz,No,0,6,Masculino
MasterCard,Daniel Ramirez Coppel,USA,7/12/2023,Plutarco Sanchez Garcia,Si,297,7,Femenino
ACH,Rebeca Nava Gimenez,Brasil,18/8/2023,Epifania Gimenez Gerardo,No,0,8,Masculino
ACH,Maria Urias Garcia,Brasil,18/11/2023,Maria Urias Garcia,Si,298,8,Masculino
Telered,Zoila Mendoza Coppel,Mexico,13/5/2024,Sofia Gerardo Garcia,Si,299,6,Masculino
Visa,Antonio Diaz Gimenez,Brasil,25/9/2026,Juana Perez Ramirez,Si,300,6,Femenino
Telered,Miguel Urias Lopez,Mexico,10/3/2026,Lucia Gimenez Gimenez,No,0,8,Masculino
Telered,Felicitas Gerardo Urias,Francia,4/5/2026,Yessenia Gerardo Lopez,No,0,8,Masculino
MasterCard,Maria Gimenez Garcia,Brasil,12/2/2024,Rebeca Gerardo Perez,Si,301,9,Masculino
ACH,Federico Lopez Urias,Japon,27/10/2023,Federico Nava Salazar,Si,302,5,Masculino
Telered,Aurora Lopez Ramirez,Mexico,19/7/2024,Amparito Lopez Ramirez,No,0,8,Masculino
ACH,Felicitas Diaz Salazar,Mexico,4/12/2023,Rebeca Perez Coppel,Si,303,10,Masculino
MasterCard,Miguel Lopez Garcia,USA,21/7/2026,Amparito Gimenez Lopez,No,0,7,Femenino
MasterCard,Alicia Nava Perez,USA,17/9/2025,Aurora Urias Urias,Si,304,7,Femenino
Visa,Aurora Diaz Coppel,Francia,23/6/2023,Maria Garcia Gerardo,No,0,9,Femenino
ACH,Aurora Urias Gerardo,Francia,15/9/2025,Daniel Salazar Mendoza,No,0,9,Masculino
Visa,Javier Salazar Salazar,Brasil,25/7/2023,Felicitas Diaz Nava,Si,305,7,Femenino
MasterCard,Plutarco Nava Diaz,Mexico,3/1/2024,Nereida Nava Gimenez,Si,306,7,Masculino
Visa,Zoila Garcia Diaz,Japon,19/12/2025,Daniel Garcia Urias,Si,307,6,Femenino
Visa,Aurora Diaz Ramirez,Brasil,7/8/2024,Gomzalo Perez Diaz,Si,308,8,Femenino
MasterCard,Antonio Perez Salazar,Francia,24/10/2023,Sofia Mendoza Salazar,No,0,7,Femenino
Visa,Felicitas Garcia Nava,Francia,14/3/2025,Maria Perez Coppel,Si,309,6,Masculino
Telered,Daniel Ramirez Salazar,USA,6/10/2026,Amparito Garcia Nava,No,0,9,Masculino
MasterCard,Aurora Gerardo Garcia,Francia,20/8/2026,Javier Nava Garcia,Si,310,5,Femenino
Telered,Juana Salazar Lopez,Japon,24/8/2024,Epifania Sanchez Urias,No,0,5,Femenino
MasterCard,Alicia Ramirez Salazar,Francia,4/1/2026,Anastacia Gimenez Gimenez,Si,311,7,Masculino
MasterCard,Felicitas Ramirez Urias,Mexico,31/6/2024,Miguel Coppel Perez,No,0,7,Femenino
MasterCard,Zoila Garcia Gimenez,Francia,6/7/2025,Nereida Gimenez Perez,Si,312,5,Masculino
Telered,Miguel Perez Perez,Japon,17/5/2024,Maria Gimenez Mendoza,No,0,9,Femenino
MasterCard,Juana Ramirez Ramirez,Francia,25/1/2026,Plutarco Gerardo Gerardo,No,0,10,Masculino
Telered,Gomzalo Mendoza Perez,Francia,21/12/2025,Juana Ramirez Gerardo,Si,313,9,Masculino
ACH,Amparito Gimenez Mendoza,Francia,12/5/2024,Felicitas Lopez Lopez,No,0,6,Masculino
Visa,Lucia Salazar Sanchez,Mexico,27/1/2025,Felicitas Gerardo Mendoza,Si,314,9,Masculino
MasterCard,Nereida Ramirez Lopez,Francia,8/1/2025,Plutarco Sanchez Salazar,No,0,9,Femenino
MasterCard,Sofia Garcia Sanchez,Francia,27/5/2023,Plutarco Salazar Salazar,Si,315,5,Masculino
Telered,Sofia Mendoza Diaz,USA,1/12/2025,Javier Sanchez Diaz,Si,316,7,Femenino
ACH,Zoila Mendoza Urias,Francia,2/12/2025,Daniel Gerardo Garcia,Si,317,10,Masculino
ACH,Miguel Salazar Gerardo,Mexico,27/4/2025,Felicitas Gerardo Gimenez,No,0,6,Femenino
Telered,Felicitas Ramirez Ramirez,Brasil,14/6/2023,Carolina Lopez Garcia,No,0,7,Masculino
Telered,Lucia Gimenez Mendoza,Mexico,31/5/2023,Antonio Diaz Sanchez,Si,318,6,Masculino
ACH,Miguel Mendoza Mendoza,USA,29/10/2024,Juana Nava Nava,No,0,9,Femenino
MasterCard,Miguel Coppel Salazar,Mexico,1/4/2024,Telesforo Gerardo Perez,No,0,5,Femenino
Telered,Felicitas Gimenez Sanchez,Japon,25/8/2025,Carolina Sanchez Gimenez,Si,319,9,Femenino
MasterCard,Telesforo Sanchez Mendoza,Japon,20/2/2025,Anastacia Mendoza Gerardo,Si,320,8,Masculino
ACH,Plutarco Sanchez Gimenez,Francia,15/11/2024,Maria Nava Coppel,Si,321,9,Masculino
MasterCard,Luis Garcia Gerardo,Francia,9/5/2026,Felicitas Mendoza Salazar,No,0,10,Femenino
ACH,Felicitas Mendoza Sanchez,Mexico,21/8/2025,Nereida Ramirez Lopez,No,0,6,Masculino
ACH,Felicitas Perez Mendoza,Japon,15/12/2025,Telesforo Garcia Gerardo,Si,322,6,Femenino
ACH,Zoila Nava Gerardo,Japon,25/2/2026,Lucia Gimenez Gerardo,No,0,10,Masculino
MasterCard,Plutarco Garcia Gimenez,USA,25/7/2024,Miguel Garcia Garcia,No,0,10,Femenino
ACH,Yessenia Ramirez Perez,Brasil,26/7/2023,Lucia Salazar Nava,Si,323,6,Masculino
MasterCard,Lucia Urias Sanchez,Francia,23/5/2026,Telesforo Nava Coppel,No,0,5,Femenino
Visa,Anastacia Garcia Salazar,Mexico,7/4/2024,Lucia Salazar Gimenez,No,0,8,Masculino
Visa,Federico Diaz Salazar,Japon,18/2/2025,Gomzalo Diaz Diaz,Si,324,7,Masculino
Visa,Amparito Coppel Nava,Brasil,7/6/2024,Rebeca Diaz Nava,Si,325,5,Masculino
Telered,Felicitas Perez Gerardo,Francia,28/2/2026,Daniel Perez Perez,Si,326,5,Femenino
Visa,Zoila Gimenez Gimenez,Japon,8/8/2023,Lucia Garcia Lopez,Si,327,5,Masculino
ACH,Antonio Perez Nava,Francia,20/12/2026,Carolina Salazar Gerardo,No,0,9,Masculino
ACH,Nereida Sanchez Gerardo,Japon,3/5/2026,Carolina Lopez Urias,Si,328,5,Femenino
MasterCard,Gomzalo Lopez Urias,Mexico,13/9/2023,Plutarco Garcia Sanchez,Si,329,7,Masculino
Visa,Luis Lopez Perez,Mexico,3/3/2026,Rebeca Sanchez Coppel,No,0,8,Femenino
ACH,Telesforo Perez Garcia,Francia,22/12/2026,Plutarco Mendoza Coppel,Si,330,7,Masculino
MasterCard,Anastacia Mendoza Ramirez,Japon,3/3/2024,Zoila Gerardo Salazar,No,0,9,Femenino
MasterCard,Antonio Mendoza Diaz,Japon,31/3/2025,Amparito Lopez Urias,Si,331,5,Femenino
Telered,Rebeca Gerardo Coppel,Francia,29/12/2024,Luis Coppel Mendoza,Si,332,10,Femenino
Visa,Felicitas Urias Urias,Francia,28/8/2026,Juana Ramirez Mendoza,Si,333,7,Femenino
MasterCard,Gomzalo Urias Gerardo,Mexico,13/3/2025,Alicia Garcia Coppel,No,0,6,Masculino
ACH,Aurora Gerardo Coppel,Brasil,9/9/2024,Sofia Gimenez Lopez,No,0,10,Masculino
ACH,Lucia Garcia Garcia,USA,12/4/2024,Daniel Lopez Nava,No,0,7,Masculino
Visa,Carolina Salazar Lopez,USA,23/2/2023,Telesforo Gerardo Diaz,Si,334,10,Femenino
Visa,Antonio Gimenez Sanchez,Francia,14/11/2024,Yessenia Gimenez Mendoza,Si,335,8,Masculino
MasterCard,Anastacia Mendoza Gerardo,USA,31/1/2026,Alicia Lopez Mendoza,Si,336,5,Femenino
Telered,Miguel Coppel Gerardo,Mexico,23/2/2023,Aurora Coppel Gimenez,No,0,6,Femenino
Telered,Daniel Urias Nava,Japon,27/1/2026,Sofia Mendoza Nava,Si,337,8,Femenino
Telered,Antonio Garcia Lopez,Mexico,21/11/2026,Luis Sanchez Mendoza,Si,338,8,Masculino
Visa,Juana Perez Salazar,USA,24/5/2026,Aurora Lopez Coppel,Si,339,8,Femenino
MasterCard,Gomzalo Gimenez Salazar,USA,25/10/2026,Sofia Ramirez Gimenez,Si,340,6,Masculino
Telered,Javier Salazar Gerardo,Brasil,15/4/2024,Yessenia Lopez Gerardo,No,0,6,Femenino
Telered,Gomzalo Ramirez Mendoza,Francia,21/5/2025,Luis Nava Gimenez,Si,341,10,Femenino
MasterCard,Epifania Lopez Garcia,Brasil,23/5/2025,Juana Nava Nava,Si,342,7,Femenino
ACH,Carolina Perez Garcia,Japon,7/5/2025,Alicia Mendoza Gerardo,Si,343,8,Masculino
ACH,Gomzalo Gerardo Nava,USA,7/12/2026,Maria Mendoza Nava,Si,344,5,Masculino
MasterCard,Amparito Perez Ramirez,Japon,13/12/2025,Javier Coppel Perez,Si,345,9,Masculino
Telered,Carolina Nava Perez,Japon,1/7/2025,Zoila Nava Nava,No,0,10,Masculino
Telered,Plutarco Gerardo Perez,Japon,21/6/2025,Alicia Urias Ramirez,No,0,9,Masculino
ACH,Carolina Lopez Sanchez,Brasil,7/4/2025,Anastacia Coppel Mendoza,Si,346,10,Masculino
ACH,Zoila Perez Lopez,Mexico,14/12/2024,Javier Gimenez Lopez,Si,347,5,Femenino
Visa,Juana Mendoza Mendoza,Brasil,4/1/2025,Federico Perez Mendoza,No,0,6,Masculino
MasterCard,Amparito Coppel Nava,Francia,30/4/2025,Rebeca Coppel Nava,No,0,10,Femenino
Telered,Luis Gerardo Gimenez,Mexico,4/7/2026,Anastacia Gimenez Diaz,No,0,8,Masculino
MasterCard,Antonio Lopez Salazar,Japon,1/3/2025,Nereida Coppel Urias,Si,348,8,Masculino
Telered,Plutarco Mendoza Perez,Japon,21/4/2026,Alicia Coppel Urias,No,0,7,Masculino
Telered,Anastacia Urias Mendoza,Japon,12/1/2025,Rebeca Coppel Mendoza,Si,349,9,Femenino
Telered,Lucia Perez Sanchez,USA,26/3/2025,Federico Mendoza Salazar,Si,350,9,Masculino
Visa,Nereida Gerardo Lopez,USA,14/9/2025,Anastacia Gimenez Salazar,Si,351,10,Femenino
Telered,Nereida Garcia Lopez,Francia,18/2/2024,Javier Diaz Mendoza,No,0,6,Masculino
MasterCard,Luis Diaz Garcia,Japon,12/3/2025,Sofia Ramirez Gimenez,No,0,5,Masculino
MasterCard,Sofia Garcia Lopez,Francia,8/10/2024,Plutarco Salazar Lopez,Si,352,7,Masculino
Telered,Alicia Garcia Nava,Japon,30/3/2026,Carolina Ramirez Gimenez,Si,353,5,Femenino
Telered,Plutarco Sanchez Salazar,Japon,29/4/2024,Sofia Mendoza Nava,No,0,9,Femenino
MasterCard,Luis Garcia Garcia,USA,19/8/2026,Telesforo Urias Sanchez,No,0,8,Femenino
Telered,Sofia Mendoza Perez,Brasil,14/4/2025,Maria Mendoza Mendoza,No,0,10,Masculino
MasterCard,Amparito Salazar Ramirez,Mexico,7/6/2023,Telesforo Salazar Diaz,Si,354,8,Femenino
Visa,Amparito Urias Nava,Japon,22/10/2024,Anastacia Gerardo Coppel,Si,355,8,Masculino
MasterCard,Luis Lopez Mendoza,Brasil,11/6/2024,Felicitas Salazar Gimenez,No,0,9,Femenino
MasterCard,Epifania Salazar Lopez,Japon,24/5/2023,Federico Gerardo Coppel,Si,356,8,Femenino
Telered,Telesforo Gerardo Gimenez,Francia,3/12/2026,Luis Ramirez Salazar,No,0,10,Masculino
ACH,Miguel Gerardo Coppel,Francia,14/4/2025,Miguel Garcia Salazar,No,0,8,Masculino
Telered,Carolina Perez Mendoza,Mexico,23/10/2024,Yessenia Nava Gimenez,Si,357,6,Femenino
ACH,Anastacia Lopez Garcia,Japon,31/10/2024,Sofia Coppel Gerardo,Si,358,5,Femenino
Visa,Antonio Ramirez Perez,Japon,23/11/2026,Gomzalo Gerardo Ramirez,No,0,9,Masculino
Telered,Daniel Urias Nava,Brasil,13/10/2024,Javier Nava Garcia,Si,359,8,Femenino
Telered,Luis Coppel Sanchez,Brasil,16/4/2026,Juana Garcia Gimenez,No,0,9,Masculino
MasterCard,Maria Diaz Salazar,Mexico,29/8/2025,Juana Diaz Coppel,Si,360,9,Masculino
MasterCard,Maria Gimenez Lopez,USA,9/4/2023,Federico Lopez Gimenez,No,0,9,Masculino
MasterCard,Antonio Mendoza Diaz,USA,22/10/2023,Javier Gimenez Nava,Si,361,8,Masculino
MasterCard,Daniel Mendoza Sanchez,USA,9/3/2026,Alicia Gimenez Salazar,Si,362,5,Femenino
ACH,Miguel Salazar Sanchez,Japon,13/5/2024,Telesforo Gimenez Nava,Si,363,9,Femenino
ACH,Federico Diaz Salazar,USA,5/4/2024,Gomzalo Salazar Ramirez,No,0,5,Masculino
ACH,Plutarco Perez Coppel,Mexico,16/1/2025,Gomzalo Gimenez Garcia,Si,364,7,Femenino
Telered,Federico Lopez Lopez,Mexico,16/8/2024,Plutarco Lopez Lopez,No,0,8,Masculino
MasterCard,Maria Gerardo Salazar,Japon,14/9/2026,Federico Mendoza Diaz,No,0,10,Masculino
MasterCard,Maria Gimenez Ramirez,Francia,2/4/2023,Maria Ramirez Gimenez,Si,365,5,Masculino
Telered,Luis Gimenez Nava,Francia,28/1/2024,Miguel Perez Ramirez,Si,366,9,Femenino
MasterCard,Luis Mendoza Urias,Francia,22/3/2024,Javier Gerardo Lopez,Si,367,6,Femenino
Visa,Plutarco Sanchez Gimenez,Japon,11/9/2025,Alicia Coppel Perez,Si,368,10,Femenino
Visa,Gomzalo Garcia Perez,Mexico,25/8/2026,Plutarco Garcia Nava,No,0,9,Femenino
Visa,Telesforo Salazar Lopez,Mexico,9/2/2024,Antonio Gerardo Ramirez,Si,369,9,Femenino
Visa,Amparito Mendoza Gerardo,Japon,18/10/2025,Felicitas Perez Ramirez,Si,370,6,Masculino
Telered,Sofia Lopez Urias,Francia,10/4/2023,Sofia Garcia Mendoza,No,0,7,Femenino
MasterCard,Telesforo Coppel Gerardo,Brasil,25/6/2026,Lucia Gerardo Gimenez,No,0,10,Femenino
Visa,Zoila Lopez Lopez,Brasil,29/11/2023,Sofia Gimenez Sanchez,No,0,10,Masculino
MasterCard,Luis Mendoza Garcia,Brasil,18/4/2025,Alicia Salazar Urias,Si,371,5,Masculino
MasterCard,Miguel Sanchez Gerardo,Francia,24/1/2023,Epifania Perez Sanchez,Si,372,10,Masculino
MasterCard,Anastacia Salazar Sanchez,Francia,28/11/2023,Lucia Garcia Nava,No,0,5,Masculino
MasterCard,Federico Gerardo Coppel,Francia,23/9/2024,Plutarco Perez Mendoza,Si,373,9,Femenino
Visa,Yessenia Perez Ramirez,Francia,31/6/2024,Carolina Sanchez Salazar,No,0,6,Masculino
MasterCard,Luis Urias Diaz,Brasil,18/5/2025,Zoila Nava Gerardo,Si,374,6,Femenino
Telered,Luis Urias Ramirez,Brasil,9/11/2026,Felicitas Gimenez Mendoza,Si,375,7,Masculino
Visa,Alicia Gimenez Diaz,Japon,3/9/2026,Luis Urias Coppel,Si,376,8,Femenino
MasterCard,Alicia Gimenez Diaz,Francia,11/6/2024,Yessenia Urias Diaz,No,0,9,Masculino
MasterCard,Juana Garcia Mendoza,Brasil,17/12/2026,Miguel Ramirez Perez,No,0,10,Masculino
Telered,Nereida Perez Mendoza,Mexico,30/4/2024,Luis Nava Diaz,Si,377,10,Masculino
Visa,Epifania Perez Mendoza,Japon,20/5/2024,Aurora Gimenez Garcia,Si,378,9,Masculino
ACH,Daniel Perez Salazar,USA,6/11/2026,Carolina Diaz Perez,Si,379,5,Femenino
Visa,Nereida Salazar Gerardo,Francia,21/3/2026,Federico Garcia Coppel,Si,380,10,Femenino
Visa,Sofia Gimenez Perez,Francia,17/2/2025,Luis Perez Sanchez,No,0,6,Masculino
ACH,Aurora Gimenez Gerardo,Japon,15/11/2024,Yessenia Diaz Mendoza,Si,381,5,Femenino
MasterCard,Sofia Nava Nava,Mexico,20/1/2026,Daniel Garcia Lopez,Si,382,8,Femenino
Visa,Anastacia Coppel Lopez,Japon,3/2/2024,Luis Gimenez Diaz,Si,383,6,Femenino
Telered,Luis Urias Perez,Francia,10/10/2025,Maria Mendoza Urias,Si,384,5,Masculino
Telered,Juana Salazar Mendoza,Francia,13/6/2025,Miguel Perez Perez,Si,385,8,Masculino
Telered,Miguel Nava Diaz,Francia,2/8/2024,Anastacia Diaz Gerardo,No,0,7,Femenino
Telered,Yessenia Gerardo Garcia,Brasil,25/2/2025,Daniel Sanchez Nava,Si,386,5,Femenino
MasterCard,Maria Salazar Coppel,Mexico,20/6/2024,Nereida Nava Coppel,Si,387,8,Masculino
MasterCard,Anastacia Coppel Perez,Japon,26/10/2025,Epifania Diaz Sanchez,No,0,8,Masculino
Telered,Felicitas Diaz Gimenez,Mexico,28/1/2025,Daniel Salazar Gimenez,No,0,9,Masculino
Telered,Sofia Nava Coppel,Mexico,22/10/2024,Alicia Mendoza Ramirez,Si,388,10,Femenino
Visa,Telesforo Salazar Salazar,USA,29/10/2026,Luis Perez Mendoza,No,0,10,Femenino
MasterCard,Daniel Sanchez Gimenez,Mexico,6/11/2023,Aurora Garcia Diaz,No,0,6,Femenino
Telered,Maria Coppel Coppel,Francia,7/6/2026,Aurora Diaz Diaz,Si,389,8,Masculino
ACH,Miguel Perez Ramirez,Francia,27/5/2026,Yessenia Gimenez Lopez,No,0,7,Masculino
MasterCard,Plutarco Lopez Salazar,Mexico,13/11/2024,Maria Salazar Coppel,Si,390,10,Masculino
ACH,Epifania Gimenez Urias,USA,20/8/2023,Rebeca Urias Ramirez,Si,391,6,Femenino
MasterCard,Lucia Diaz Gerardo,Mexico,24/8/2026,Plutarco Gerardo Garcia,Si,392,8,Femenino
Telered,Zoila Mendoza Salazar,Francia,15/8/2024,Juana Salazar Sanchez,Si,393,8,Femenino
Telered,Miguel Sanchez Coppel,Japon,23/10/2024,Epifania Coppel Sanchez,Si,394,5,Femenino
Telered,Sofia Nava Salazar,Mexico,22/5/2023,Gomzalo Sanchez Diaz,No,0,5,Femenino
Telered,Zoila Gimenez Perez,Japon,30/11/2025,Aurora Nava Gerardo,Si,395,7,Masculino
Visa,Telesforo Lopez Lopez,Brasil,7/3/2026,Federico Lopez Nava,No,0,10,Femenino
Telered,Amparito Lopez Coppel,USA,10/4/2024,Zoila Salazar Sanchez,Si,396,7,Masculino
ACH,Daniel Salazar Urias,USA,7/3/2024,Daniel Lopez Diaz,Si,397,7,Femenino
ACH,Federico Mendoza Salazar,Francia,1/2/2024,Anastacia Gimenez Garcia,No,0,6,Femenino
Visa,Epifania Gimenez Garcia,USA,6/8/2024,Lucia Urias Garcia,No,0,5,Masculino
ACH,Miguel Mendoza Gerardo,Francia,4/7/2024,Felicitas Nava Nava,No,0,9,Femenino
MasterCard,Nereida Gerardo Sanchez,Francia,18/5/2024,Plutarco Urias Mendoza,No,0,6,Femenino
Telered,Federico Garcia Salazar,Brasil,6/10/2023,Daniel Ramirez Mendoza,No,0,5,Masculino
Visa,Juana Sanchez Gerardo,Francia,14/9/2023,Daniel Urias Gerardo,Si,398,7,Femenino
ACH,Daniel Ramirez Salazar,Mexico,3/9/2025,Plutarco Perez Gerardo,No,0,9,Femenino
Telered,Plutarco Diaz Nava,Japon,5/12/2026,Federico Urias Ramirez,Si,399,5,Masculino
Visa,Yessenia Nava Diaz,USA,20/8/2025,Nereida Gerardo Diaz,Si,400,10,Femenino
MasterCard,Nereida Mendoza Ramirez,Brasil,17/9/2024,Plutarco Garcia Diaz,No,0,8,Femenino
Telered,Alicia Perez Salazar,Mexico,31/11/2026,Gomzalo Diaz Sanchez,Si,401,8,Femenino
ACH,Nereida Sanchez Coppel,Japon,5/12/2023,Telesforo Lopez Lopez,Si,402,10,Masculino
MasterCard,Federico Perez Diaz,Francia,23/9/2023,Luis Mendoza Nava,No,0,5,Masculino
ACH,Anastacia Diaz Garcia,Francia,24/2/2024,Gomzalo Sanchez Lopez,No,0,6,Femenino
ACH,Amparito Gerardo Salazar,USA,2/2/2024,Miguel Mendoza Ramirez,Si,403,5,Masculino
Telered,Javier Gerardo Salazar,USA,23/5/2024,Luis Nava Garcia,No,0,10,Femenino
Visa,Rebeca Coppel Urias,USA,18/7/2026,Anastacia Diaz Salazar,No,0,5,Femenino
ACH,Federico Perez Garcia,Mexico,7/2/2026,Miguel Ramirez Coppel,No,0,8,Masculino
MasterCard,Yessenia Garcia Diaz,Japon,25/10/2023,Yessenia Urias Gimenez,No,0,8,Masculino
Visa,Lucia Diaz Ramirez,Japon,26/2/2026,Plutarco Urias Ramirez,No,0,7,Femenino
MasterCard,Telesforo Diaz Salazar,Japon,22/1/2025,Sofia Nava Gimenez,Si,404,7,Masculino
MasterCard,Luis Coppel Coppel,USA,28/12/2026,Alicia Ramirez Perez,No,0,6,Masculino
Visa,Alicia Lopez Coppel,Japon,12/10/2026,Antonio Gimenez Salazar,Si,405,5,Femenino
Telered,Felicitas Perez Ramirez,Mexico,26/10/2023,Zoila Mendoza Garcia,No,0,5,Masculino
ACH,Felicitas Salazar Lopez,USA,16/4/2023,Luis Sanchez Gerardo,Si,406,9,Masculino
ACH,Zoila Garcia Lopez,Francia,7/7/2024,Plutarco Lopez Sanchez,Si,407,7,Femenino
ACH,Zoila Garcia Coppel,Japon,12/4/2024,Carolina Ramirez Nava,No,0,5,Masculino
MasterCard,Amparito Gerardo Gimenez,Mexico,18/5/2026,Alicia Lopez Nava,No,0,6,Femenino
ACH,Federico Lopez Mendoza,Japon,1/3/2024,Gomzalo Garcia Lopez,Si,408,9,Masculino
Visa,Epifania Ramirez Gerardo,USA,19/1/2025,Aurora Coppel Garcia,No,0,10,Masculino
ACH,Amparito Coppel Garcia,Japon,19/8/2026,Daniel Perez Ramirez,Si,409,10,Femenino
ACH,Federico Sanchez Urias,Mexico,27/11/2025,Aurora Diaz Nava,Si,410,10,Femenino
Visa,Plutarco Salazar Ramirez,Brasil,17/7/2024,Luis Urias Gerardo,Si,411,9,Masculino
ACH,Gomzalo Nava Diaz,Mexico,2/4/2023,Plutarco Perez Gerardo,Si,412,6,Femenino
MasterCard,Rebeca Nava Mendoza,Francia,19/3/2025,Anastacia Ramirez Sanchez,Si,413,6,Masculino
ACH,Carolina Mendoza Lopez,Brasil,18/10/2023,Nereida Salazar Lopez,Si,414,9,Masculino
MasterCard,Plutarco Ramirez Salazar,Mexico,17/2/2026,Federico Gimenez Diaz,No,0,7,Masculino
Visa,Antonio Garcia Diaz,Brasil,28/2/2026,Alicia Garcia Gerardo,Si,415,9,Femenino
ACH,Rebeca Gimenez Garcia,Francia,30/11/2026,Anastacia Sanchez Urias,Si,416,10,Masculino
Telered,Lucia Diaz Gerardo,USA,22/10/2025,Sofia Mendoza Gimenez,Si,417,8,Masculino
Visa,Aurora Nava Gerardo,Mexico,11/10/2026,Epifania Mendoza Nava,Si,418,9,Femenino
MasterCard,Juana Gerardo Gimenez,Brasil,10/3/2026,Epifania Gimenez Perez,Si,419,6,Femenino
MasterCard,Daniel Perez Gimenez,Francia,26/9/2025,Alicia Perez Gimenez,Si,420,10,Masculino
MasterCard,Felicitas Perez Perez,Brasil,9/4/2026,Federico Coppel Sanchez,No,0,5,Femenino
MasterCard,Carolina Diaz Coppel,USA,29/5/2024,Gomzalo Gimenez Perez,No,0,6,Femenino
Telered,Aurora Perez Nava,Francia,12/1/2026,Telesforo Gerardo Gimenez,Si,421,9,Femenino
ACH,Luis Ramirez Gimenez,Japon,6/1/2025,Amparito Nava Garcia,Si,422,9,Masculino
Telered,Aurora Gimenez Salazar,Japon,13/1/2024,Alicia Gerardo Sanchez,Si,423,9,Masculino
Telered,Federico Coppel Sanchez,Japon,9/5/2023,Plutarco Perez Urias,Si,424,8,Masculino
Visa,Epifania Urias Mendoza,Francia,7/9/2024,Zoila Coppel Perez,No,0,10,Femenino
Telered,Gomzalo Urias Coppel,Mexico,13/8/2026,Sofia Gimenez Nava,Si,425,6,Femenino
Telered,Plutarco Diaz Gerardo,Brasil,29/2/2024,Plutarco Diaz Garcia,No,0,9,Femenino
MasterCard,Plutarco Nava Salazar,Francia,18/1/2023,Federico Lopez Sanchez,No,0,7,Masculino
MasterCard,Gomzalo Gimenez Salazar,Brasil,16/11/2025,Maria Lopez Lopez,Si,426,10,Masculino
ACH,Telesforo Lopez Gerardo,Mexico,7/7/2025,Telesforo Gimenez Coppel,Si,427,5,Masculino
Telered,Epifania Gerardo Diaz,Francia,4/1/2026,Zoila Lopez Lopez,Si,428,9,Femenino
ACH,Juana Coppel Mendoza,Japon,9/4/2024,Felicitas Garcia Coppel,Si,429,8,Femenino
ACH,Federico Sanchez Urias,Francia,20/1/2024,Gomzalo Garcia Mendoza,No,0,8,Masculino
ACH,Epifania Ramirez Coppel,Mexico,2/7/2023,Alicia Gimenez Coppel,No,0,5,Masculino
Telered,Alicia Mendoza Gimenez,Brasil,31/3/2026,Miguel Diaz Gimenez,Si,430,9,Masculino
Visa,Plutarco Diaz Ramirez,Brasil,10/8/2024,Nereida Coppel Urias,Si,431,8,Femenino
ACH,Telesforo Mendoza Sanchez,USA,15/5/2025,Alicia Mendoza Lopez,Si,432,10,Masculino
Visa,Carolina Gimenez Sanchez,Japon,6/1/2025,Aurora Salazar Gerardo,Si,433,6,Femenino
Visa,Plutarco Sanchez Diaz,Francia,31/7/2024,Sofia Lopez Perez,No,0,6,Femenino
Telered,Luis Coppel Urias,Japon,2/3/2023,Daniel Urias Garcia,No,0,6,Masculino
MasterCard,Antonio Gerardo Diaz,Brasil,27/11/2026,Nereida Ramirez Nava,No,0,7,Femenino
Visa,Luis Mendoza Perez,Brasil,7/7/2025,Lucia Mendoza Nava,Si,434,6,Femenino
MasterCard,Miguel Gerardo Lopez,USA,17/4/2026,Telesforo Salazar Diaz,Si,435,7,Femenino
Visa,Alicia Diaz Mendoza,Japon,10/1/2024,Amparito Salazar Diaz,Si,436,9,Masculino
ACH,Luis Gerardo Lopez,USA,1/7/2024,Zoila Mendoza Garcia,No,0,5,Femenino
Telered,Aurora Lopez Mendoza,Mexico,7/3/2023,Alicia Gerardo Sanchez,No,0,9,Masculino
ACH,Aurora Garcia Mendoza,Brasil,14/2/2025,Plutarco Nava Mendoza,No,0,6,Masculino
ACH,Juana Nava Nava,USA,12/4/2024,Carolina Ramirez Gimenez,No,0,8,Femenino
ACH,Maria Gerardo Urias,Francia,2/5/2024,Epifania Urias Garcia,Si,437,9,Masculino
ACH,Luis Mendoza Nava,USA,9/10/2026,Antonio Perez Coppel,No,0,7,Masculino
Telered,Telesforo Nava Garcia,Japon,25/12/2024,Aurora Gimenez Ramirez,No,0,9,Femenino
Telered,Lucia Sanchez Ramirez,Brasil,11/2/2025,Gomzalo Gimenez Sanchez,Si,438,7,Masculino
ACH,Zoila Salazar Garcia,Brasil,6/11/2023,Felicitas Nava Urias,Si,439,9,Femenino
ACH,Amparito Mendoza Gimenez,Brasil,31/5/2024,Yessenia Garcia Garcia,Si,440,6,Masculino
Telered,Felicitas Perez Lopez,Francia,10/2/2024,Aurora Sanchez Gerardo,Si,441,6,Femenino
Visa,Anastacia Gimenez Nava,Brasil,19/4/2025,Gomzalo Gimenez Ramirez,Si,442,10,Masculino
MasterCard,Aurora Salazar Salazar,USA,22/8/2023,Lucia Diaz Coppel,Si,443,7,Femenino
ACH,Anastacia Urias Nava,USA,22/4/2026,Gomzalo Gerardo Sanchez,No,0,8,Femenino
Telered,Miguel Mendoza Diaz,USA,19/6/2026,Carolina Lopez Salazar,Si,444,8,Masculino
Telered,Luis Diaz Gerardo,USA,24/12/2023,Sofia Urias Sanchez,Si,445,7,Femenino
MasterCard,Lucia Gimenez Lopez,Brasil,15/9/2025,Juana Gimenez Garcia,No,0,7,Femenino
Telered,Daniel Ramirez Coppel,Francia,8/10/2023,Lucia Ramirez Perez,Si,446,6,Masculino
Telered,Federico Nava Gimenez,Francia,3/1/2025,Alicia Garcia Gerardo,No,0,7,Femenino
ACH,Antonio Coppel Nava,USA,28/1/2025,Plutarco Salazar Ramirez,Si,447,10,Femenino
Visa,Alicia Gerardo Salazar,Francia,9/3/2026,Daniel Salazar Ramirez,Si,448,10,Masculino
Telered,Sofia Lopez Coppel,Francia,18/5/2023,Zoila Coppel Nava,Si,449,9,Masculino
MasterCard,Alicia Gimenez Mendoza,Mexico,30/6/2025,Zoila Ramirez Gimenez,No,0,5,Femenino
ACH,Luis Lopez Nava,Brasil,19/4/2026,Maria Garcia Diaz,No,0,10,Masculino
Visa,Zoila Sanchez Diaz,Brasil,5/5/2025,Federico Sanchez Gimenez,Si,450,10,Masculino
Visa,Plutarco Garcia Lopez,Japon,9/9/2025,Miguel Ramirez Nava,Si,451,6,Masculino
MasterCard,Anastacia Gerardo Sanchez,Mexico,4/4/2025,Gomzalo Lopez Diaz,No,0,5,Masculino
Telered,Miguel Mendoza Ramirez,Mexico,23/7/2023,Yessenia Salazar Gerardo,No,0,7,Femenino
Visa,Rebeca Coppel Garcia,Brasil,20/5/2024,Sofia Ramirez Gerardo,Si,452,8,Femenino
ACH,Maria Diaz Ramirez,USA,3/8/2024,Javier Gerardo Gerardo,No,0,10,Masculino
MasterCard,Anastacia Garcia Perez,Francia,18/8/2023,Daniel Diaz Sanchez,Si,453,10,Femenino
Telered,Epifania Diaz Gimenez,Brasil,2/1/2023,Luis Diaz Urias,Si,454,6,Femenino
Telered,Felicitas Coppel Perez,Japon,11/10/2026,Telesforo Diaz Gimenez,No,0,10,Masculino
ACH,Federico Nava Gimenez,Mexico,16/2/2026,Rebeca Gimenez Nava,No,0,9,Masculino
ACH,Telesforo Urias Perez,Brasil,2/11/2026,Daniel Sanchez Perez,Si,455,6,Masculino
MasterCard,Maria Urias Ramirez,Francia,11/11/2024,Amparito Garcia Perez,No,0,7,Femenino
Visa,Aurora Coppel Diaz,Mexico,2/6/2023,Luis Lopez Mendoza,Si,456,9,Masculino
Visa,Federico Ramirez Urias,Japon,31/4/2024,Federico Perez Perez,No,0,5,Masculino
Visa,Sofia Urias Salazar,Francia,28/2/2023,Alicia Lopez Nava,Si,457,8,Femenino
MasterCard,Maria Urias Diaz,Francia,25/3/2025,Nereida Ramirez Salazar,Si,458,5,Femenino
MasterCard,Gomzalo Sanchez Salazar,Francia,13/8/2025,Javier Salazar Lopez,No,0,10,Masculino
Visa,Amparito Mendoza Nava,USA,21/8/2023,Maria Perez Salazar,Si,459,10,Femenino
Visa,Felicitas Urias Urias,Mexico,5/12/2025,Sofia Mendoza Gimenez,Si,460,7,Masculino
Telered,Daniel Ramirez Gimenez,Francia,6/10/2023,Aurora Gimenez Sanchez,No,0,5,Masculino
Telered,Sofia Gimenez Mendoza,USA,11/9/2023,Miguel Urias Nava,No,0,5,Femenino
Telered,Nereida Mendoza Coppel,USA,29/6/2024,Nereida Diaz Diaz,Si,461,9,Femenino
Telered,Zoila Coppel Mendoza,Brasil,1/12/2024,Aurora Ramirez Gerardo,Si,462,6,Masculino
Visa,Carolina Diaz Ramirez,Francia,13/8/2026,Javier Perez Gimenez,Si,463,5,Femenino
ACH,Yessenia Nava Nava,Brasil,3/6/2023,Alicia Gerardo Nava,No,0,6,Masculino
Telered,Plutarco Lopez Garcia,USA,13/3/2023,Antonio Gimenez Urias,Si,464,10,Masculino
ACH,Aurora Coppel Salazar,Brasil,5/3/2023,Federico Mendoza Perez,No,0,9,Femenino
Telered,Aurora Coppel Coppel,Japon,22/9/2025,Zoila Perez Gerardo,Si,465,9,Femenino
Telered,Anastacia Diaz Gerardo,Brasil,20/3/2023,Epifania Lopez Diaz,No,0,5,Femenino
ACH,Sofia Perez Nava,Francia,10/12/2024,Amparito Gimenez Gimenez,Si,466,7,Femenino
ACH,Sofia Ramirez Mendoza,Japon,15/3/2024,Rebeca Lopez Salazar,No,0,9,Masculino
Visa,Plutarco Salazar Nava,Francia,27/5/2025,Aurora Salazar Perez,Si,467,7,Femenino
Visa,Rebeca Diaz Ramirez,Japon,12/4/2026,Aurora Ramirez Gimenez,No,0,10,Masculino
Telered,Antonio Nava Urias,Japon,26/2/2024,Antonio Lopez Garcia,No,0,8,Femenino
Telered,Lucia Perez Mendoza,Brasil,20/3/2023,Aurora Coppel Lopez,Si,468,8,Femenino
Visa,Amparito Lopez Gimenez,Japon,22/8/2026,Epifania Gerardo Gimenez,Si,469,8,Femenino
ACH,Epifania Sanchez Garcia,Brasil,9/2/2024,Rebeca Gimenez Nava,No,0,5,Masculino
Telered,Epifania Mendoza Lopez,Brasil,23/7/2025,Epifania Perez Salazar,Si,470,10,Masculino
Telered,Rebeca Perez Sanchez,Francia,14/8/2026,Carolina Salazar Salazar,No,0,6,Femenino
MasterCard,Javier Perez Sanchez,Japon,21/1/2026,Aurora Urias Nava,Si,471,8,Femenino
MasterCard,Luis Coppel Gerardo,Francia,17/1/2025,Amparito Mendoza Mendoza,No,0,10,Femenino
Visa,Daniel Salazar Perez,Brasil,16/6/2026,Rebeca Sanchez Nava,Si,472,7,Femenino
Visa,Luis Coppel Gimenez,Francia,23/9/2025,Sofia Lopez Garcia,No,0,8,Masculino
Telered,Federico Lopez Ramirez,USA,16/1/2023,Gomzalo Urias Perez,Si,473,8,Femenino
MasterCard,Sofia Diaz Garcia,Brasil,9/6/2023,Anastacia Sanchez Ramirez,No,0,9,Femenino
Telered,Alicia Sanchez Urias,Brasil,12/9/2026,Nereida Mendoza Urias,No,0,6,Masculino
Visa,Daniel Mendoza Mendoza,Mexico,5/9/2025,Amparito Diaz Salazar,Si,474,6,Femenino
Visa,Amparito Salazar Coppel,Brasil,26/8/2023,Luis Gerardo Nava,Si,475,7,Femenino
ACH,Epifania Salazar Garcia,Brasil,22/1/2025,Aurora Salazar Perez,Si,476,9,Masculino
Telered,Telesforo Mendoza Gimenez,Francia,29/9/2023,Gomzalo Perez Gerardo,Si,477,5,Masculino
Telered,Plutarco Perez Coppel,Japon,18/3/2023,Sofia Sanchez Ramirez,Si,478,10,Masculino
ACH,Aurora Lopez Salazar,Japon,27/9/2024,Epifania Ramirez Gerardo,Si,479,8,Masculino
Visa,Yessenia Gimenez Sanchez,Japon,11/10/2024,Antonio Lopez Coppel,No,0,5,Masculino
MasterCard,Epifania Ramirez Lopez,Brasil,4/10/2025,Federico Coppel Urias,Si,480,6,Masculino
Telered,Javier Salazar Mendoza,Mexico,4/7/2024,Alicia Lopez Gimenez,Si,481,10,Femenino
Visa,Federico Lopez Perez,Francia,21/8/2026,Federico Gerardo Garcia,Si,482,5,Masculino
MasterCard,Anastacia Urias Urias,Mexico,21/3/2024,Zoila Gerardo Sanchez,No,0,9,Femenino
MasterCard,Luis Sanchez Urias,USA,5/6/2025,Gomzalo Gerardo Nava,No,0,6,Masculino
MasterCard,Plutarco Salazar Perez,Mexico,13/1/2025,Carolina Mendoza Nava,No,0,5,Masculino
ACH,Gomzalo Garcia Coppel,USA,1/10/2024,Miguel Sanchez Salazar,No,0,5,Masculino
Telered,Sofia Garcia Gimenez,USA,7/6/2024,Anastacia Salazar Coppel,No,0,10,Femenino
MasterCard,Luis Gerardo Mendoza,Mexico,2/2/2024,Plutarco Mendoza Ramirez,Si,483,9,Femenino
Visa,Miguel Mendoza Gimenez,Japon,11/12/2024,Rebeca Ramirez Diaz,No,0,7,Masculino
Telered,Lucia Perez Sanchez,Mexico,3/2/2023,Epifania Mendoza Mendoza,No,0,5,Masculino
Telered,Carolina Diaz Coppel,USA,10/2/2024,Plutarco Diaz Nava,No,0,7,Masculino
Visa,Miguel Sanchez Diaz,Mexico,26/10/2026,Carolina Diaz Urias,No,0,10,Femenino
Telered,Aurora Perez Nava,Japon,13/11/2023,Juana Ramirez Perez,Si,484,9,Masculino
ACH,Luis Ramirez Garcia,USA,6/5/2024,Nereida Mendoza Mendoza,No,0,8,Femenino
Visa,Gomzalo Perez Diaz,Mexico,5/10/2025,Yessenia Garcia Gimenez,Si,485,7,Masculino
Telered,Zoila Sanchez Coppel,Mexico,30/8/2025,Plutarco Gimenez Ramirez,No,0,8,Femenino
ACH,Anastacia Gimenez Gerardo,USA,30/2/2024,Anastacia Sanchez Gimenez,Si,486,6,Masculino
ACH,Anastacia Garcia Garcia,USA,25/5/2025,Federico Perez Nava,No,0,7,Femenino
Visa,Antonio Lopez Urias,Japon,27/7/2026,Rebeca Lopez Lopez,No,0,10,Masculino
ACH,Epifania Mendoza Mendoza,USA,15/4/2026,Plutarco Lopez Gimenez,Si,487,5,Masculino
ACH,Sofia Nava Sanchez,Mexico,12/12/2024,Yessenia Sanchez Sanchez,No,0,6,Femenino
ACH,Aurora Mendoza Diaz,Francia,1/8/2024,Luis Gimenez Sanchez,Si,488,6,Femenino
MasterCard,Miguel Perez Salazar,Mexico,23/1/2026,Plutarco Salazar Nava,No,0,5,Femenino
Visa,Javier Ramirez Coppel,Francia,1/12/2024,Epifania Nava Lopez,Si,489,6,Masculino
Telered,Antonio Perez Ramirez,Brasil,30/5/2025,Antonio Ramirez Nava,No,0,8,Femenino
Visa,Juana Lopez Nava,Francia,27/5/2025,Luis Mendoza Urias,Si,490,5,Femenino
MasterCard,Aurora Nava Lopez,Brasil,21/4/2024,Plutarco Sanchez Ramirez,No,0,9,Masculino
MasterCard,Daniel Ramirez Urias,Brasil,30/12/2024,Amparito Gerardo Salazar,Si,491,7,Femenino
MasterCard,Epifania Coppel Sanchez,Brasil,29/3/2024,Alicia Mendoza Ramirez,Si,492,5,Femenino
ACH,Daniel Diaz Coppel,Japon,1/12/2025,Yessenia Mendoza Sanchez,No,0,5,Femenino
Visa,Antonio Mendoza Lopez,Mexico,13/2/2024,Juana Urias Mendoza,Si,493,8,Femenino
Visa,Rebeca Nava Garcia,Mexico,21/5/2024,Zoila Lopez Nava,Si,494,7,Masculino
ACH,Felicitas Garcia Urias,Brasil,29/12/2025,Gomzalo Garcia Urias,No,0,10,Femenino
Visa,Daniel Salazar Garcia,Brasil,1/12/2024,Felicitas Sanchez Lopez,Si,495,7,Masculino
MasterCard,Rebeca Lopez Gimenez,Brasil,15/6/2025,Felicitas Salazar Diaz,No,0,8,Femenino
Telered,Aurora Gerardo Ramirez,USA,30/8/2026,Zoila Sanchez Diaz,No,0,6,Femenino
ACH,Yessenia Coppel Gimenez,Francia,5/9/2023,Alicia Lopez Gerardo,No,0,9,Masculino
Visa,Lucia Urias Perez,Brasil,3/11/2025,Rebeca Gimenez Garcia,Si,496,5,Femenino
MasterCard,Alicia Ramirez Urias,Brasil,12/5/2024,Rebeca Diaz Garcia,No,0,5,Masculino
Telered,Luis Salazar Salazar,Mexico,9/6/2025,Daniel Ramirez Nava,No,0,6,Masculino
Visa,Carolina Ramirez Ramirez,Brasil,24/10/2024,Alicia Gerardo Ramirez,No,0,6,Femenino
Telered,Anastacia Ramirez Gerardo,Mexico,10/3/2023,Carolina Gimenez Perez,Si,497,5,Femenino
ACH,Rebeca Nava Garcia,Mexico,29/7/2024,Alicia Gimenez Sanchez,Si,498,8,Femenino
Visa,Plutarco Gimenez Gimenez,Japon,24/4/2025,Plutarco Gerardo Gerardo,Si,499,7,Masculino
Telered,Aurora Ramirez Sanchez,Mexico,1/4/2023,Javier Salazar Gerardo,Si,500,8,Masculino
ACH,Anastacia Gerardo Diaz,Brasil,29/6/2026,Javier Sanchez Nava,Si,501,5,Femenino
MasterCard,Plutarco Diaz Nava,Japon,27/9/2026,Felicitas Gerardo Coppel,Si,502,9,Femenino
ACH,Maria Gerardo Coppel,Francia,19/8/2024,Anastacia Garcia Mendoza,Si,503,6,Femenino
ACH,Antonio Nava Mendoza,Brasil,4/5/2024,Anastacia Gimenez Lopez,No,0,10,Masculino
Telered,Anastacia Urias Urias,USA,28/5/2026,Carolina Garcia Gimenez,No,0,5,Masculino
ACH,Luis Lopez Diaz,Mexico,14/8/2025,Luis Perez Coppel,Si,504,7,Masculino
MasterCard,Alicia Garcia Mendoza,USA,31/5/2024,Epifania Gimenez Salazar,No,0,9,Masculino
Telered,Plutarco Sanchez Urias,Japon,12/4/2024,Anastacia Coppel Coppel,No,0,6,Femenino
MasterCard,Federico Mendoza Nava,Mexico,17/3/2024,Javier Ramirez Lopez,Si,505,5,Masculino
ACH,Federico Coppel Garcia,USA,18/11/2024,Javier Lopez Mendoza,Si,506,7,Masculino
MasterCard,Aurora Nava Perez,USA,27/5/2023,Plutarco Lopez Ramirez,No,0,10,Femenino
Visa,Telesforo Gerardo Gerardo,Mexico,3/10/2025,Sofia Sanchez Mendoza,Si,507,8,Femenino
MasterCard,Sofia Sanchez Garcia,Mexico,17/6/2026,Lucia Gerardo Lopez,Si,508,6,Masculino
MasterCard,Yessenia Nava Coppel,Japon,18/7/2023,Yessenia Lopez Sanchez,No,0,7,Masculino
ACH,Juana Mendoza Garcia,Mexico,31/5/2026,Luis Salazar Coppel,No,0,6,Masculino
Visa,Sofia Coppel Ramirez,Japon,4/12/2026,Plutarco Garcia Gimenez,Si,509,8,Femenino
ACH,Daniel Diaz Urias,Brasil,7/11/2023,Aurora Garcia Garcia,No,0,10,Masculino
MasterCard,Nereida Nava Coppel,Francia,11/9/2023,Miguel Sanchez Gerardo,No,0,7,Femenino
Visa,Antonio Sanchez Urias,Japon,6/2/2026,Zoila Mendoza Salazar,Si,510,8,Femenino
Visa,Aurora Urias Mendoza,USA,4/5/2026,Miguel Perez Ramirez,Si,511,6,Masculino
Visa,Plutarco Gimenez Coppel,Brasil,22/8/2026,Anastacia Sanchez Nava,No,0,9,Femenino
Visa,Miguel Coppel Sanchez,Francia,9/9/2023,Lucia Salazar Nava,Si,512,8,Femenino
Telered,Felicitas Mendoza Ramirez,Francia,21/7/2025,Carolina Ramirez Gimenez,Si,513,6,Femenino
ACH,Miguel Gimenez Gimenez,Mexico,11/1/2026,Federico Ramirez Gimenez,Si,514,7,Masculino
ACH,Telesforo Mendoza Salazar,Brasil,24/12/2024,Anastacia Sanchez Gimenez,Si,515,9,Masculino
ACH,Carolina Perez Sanchez,Japon,13/3/2024,Gomzalo Sanchez Mendoza,Si,516,7,Femenino
MasterCard,Aurora Urias Diaz,Brasil,27/12/2026,Aurora Salazar Mendoza,Si,517,6,Femenino
Visa,Luis Gimenez Urias,USA,26/2/2023,Luis Urias Diaz,Si,518,7,Masculino
ACH,Miguel Urias Perez,USA,28/12/2023,Plutarco Salazar Nava,Si,519,6,Femenino
MasterCard,Plutarco Diaz Sanchez,Francia,7/4/2023,Sofia Nava Coppel,No,0,6,Femenino
Visa,Telesforo Lopez Lopez,USA,9/9/2026,Plutarco Gimenez Mendoza,Si,520,7,Femenino
MasterCard,Juana Nava Garcia,Brasil,21/6/2024,Nereida Perez Ramirez,No,0,6,Masculino
Visa,Sofia Perez Mendoza,Brasil,7/7/2025,Gomzalo Diaz Salazar,Si,521,6,Masculino
Visa,Federico Sanchez Coppel,Mexico,25/4/2023,Sofia Coppel Diaz,No,0,9,Masculino
ACH,Federico Garcia Urias,USA,30/10/2024,Miguel Ramirez Sanchez,Si,522,5,Femenino
MasterCard,Zoila Coppel Diaz,Brasil,13/12/2025,Anastacia Gerardo Gimenez,Si,523,10,Masculino
ACH,Anastacia Lopez Gerardo,Mexico,14/1/2026,Aurora Nava Urias,No,0,9,Femenino
ACH,Zoila Lopez Coppel,Brasil,29/8/2024,Antonio Nava Diaz,Si,524,9,Femenino
ACH,Epifania Gerardo Gimenez,USA,20/4/2024,Antonio Gerardo Garcia,No,0,7,Femenino
Visa,Nereida Ramirez Perez,Brasil,9/9/2026,Plutarco Sanchez Perez,Si,525,5,Masculino
Visa,Plutarco Ramirez Coppel,Japon,29/2/2023,Plutarco Sanchez Urias,Si,526,9,Femenino
Visa,Luis Perez Urias,Brasil,21/4/2025,Aurora Diaz Diaz,No,0,10,Femenino
Visa,Gomzalo Urias Perez,Mexico,23/12/2025,Amparito Salazar Lopez,No,0,9,Masculino
Telered,Plutarco Nava Ramirez,Brasil,28/8/2026,Maria Urias Perez,Si,527,8,Masculino
Visa,Alicia Sanchez Ramirez,USA,5/3/2024,Antonio Coppel Mendoza,Si,528,8,Femenino
MasterCard,Amparito Lopez Sanchez,USA,21/5/2023,Lucia Lopez Mendoza,No,0,7,Masculino
Visa,Alicia Perez Perez,Brasil,6/8/2025,Nereida Mendoza Diaz,Si,529,9,Masculino
ACH,Daniel Coppel Sanchez,USA,1/7/2025,Luis Ramirez Sanchez,Si,530,10,Masculino
Telered,Sofia Mendoza Gimenez,USA,27/10/2024,Gomzalo Lopez Nava,No,0,6,Masculino
MasterCard,Anastacia Diaz Ramirez,Mexico,9/3/2026,Carolina Sanchez Nava,Si,531,8,Masculino
MasterCard,Nereida Diaz Diaz,Japon,7/4/2026,Amparito Salazar Lopez,Si,532,10,Masculino
MasterCard,Miguel Gimenez Ramirez,Francia,25/11/2026,Felicitas Coppel Sanchez,Si,533,6,Femenino
ACH,Daniel Garcia Diaz,Mexico,1/1/2024,Anastacia Sanchez Lopez,No,0,6,Masculino
Visa,Plutarco Urias Urias,Mexico,27/2/2023,Antonio Urias Salazar,Si,534,5,Masculino
Visa,Javier Gerardo Perez,Mexico,31/1/2024,Nereida Mendoza Gimenez,Si,535,5,Masculino
MasterCard,Telesforo Garcia Salazar,Japon,26/7/2024,Miguel Sanchez Nava,Si,536,10,Masculino
Visa,Sofia Gimenez Garcia,Mexico,4/1/2026,Miguel Nava Mendoza,No,0,7,Femenino
Telered,Aurora Nava Ramirez,Japon,25/3/2026,Zoila Urias Nava,No,0,10,Femenino
Telered,Lucia Urias Gerardo,USA,2/9/2024,Sofia Nava Perez,Si,537,7,Femenino
Telered,Miguel Nava Salazar,Mexico,14/7/2025,Federico Gimenez Ramirez,Si,538,5,Femenino
Visa,Javier Gerardo Gimenez,Francia,16/2/2024,Anastacia Diaz Diaz,No,0,9,Masculino
ACH,Telesforo Coppel Salazar,Mexico,27/3/2026,Rebeca Coppel Nava,No,0,7,Masculino
ACH,Alicia Perez Sanchez,Mexico,13/7/2025,Yessenia Gerardo Ramirez,No,0,8,Masculino
Telered,Gomzalo Coppel Gerardo,Japon,2/1/2023,Anastacia Ramirez Salazar,Si,539,7,Femenino
Visa,Plutarco Nava Lopez,Japon,26/8/2023,Daniel Mendoza Sanchez,No,0,5,Masculino
MasterCard,Plutarco Garcia Nava,Japon,26/5/2024,Daniel Nava Gerardo,Si,540,6,Masculino
MasterCard,Rebeca Nava Sanchez,Francia,3/5/2023,Luis Urias Coppel,Si,541,8,Masculino
Telered,Alicia Lopez Nava,USA,8/9/2026,Telesforo Perez Sanchez,No,0,10,Femenino
Telered,Luis Diaz Salazar,Brasil,6/2/2023,Nereida Ramirez Gerardo,No,0,9,Femenino
Visa,Alicia Ramirez Salazar,Brasil,22/11/2023,Anastacia Sanchez Salazar,Si,542,5,Masculino
ACH,Luis Nava Lopez,USA,3/12/2023,Sofia Diaz Garcia,Si,543,6,Femenino
ACH,Javier Perez Perez,Francia,6/3/2023,Zoila Gimenez Perez,No,0,7,Femenino
ACH,Zoila Gimenez Coppel,Francia,10/5/2023,Juana Lopez Sanchez,Si,544,8,Masculino
MasterCard,Maria Diaz Garcia,Francia,19/12/2024,Epifania Garcia Gerardo,No,0,8,Femenino
ACH,Luis Garcia Mendoza,Mexico,21/2/2023,Yessenia Coppel Perez,No,0,10,Femenino
Visa,Maria Sanchez Gerardo,Francia,27/7/2023,Juana Garcia Gerardo,No,0,6,Masculino
Telered,Lucia Sanchez Urias,Japon,17/8/2024,Aurora Mendoza Garcia,Si,545,8,Masculino
Telered,Alicia Sanchez Sanchez,USA,2/10/2025,Luis Garcia Garcia,No,0,5,Masculino
ACH,Juana Urias Garcia,Brasil,2/9/2024,Anastacia Mendoza Urias,No,0,7,Masculino
Telered,Felicitas Mendoza Urias,Japon,19/7/2025,Plutarco Mendoza Perez,Si,546,9,Masculino
ACH,Daniel Gimenez Garcia,Francia,25/9/2023,Maria Sanchez Gimenez,Si,547,7,Masculino
MasterCard,Anastacia Gimenez Sanchez,USA,10/4/2026,Federico Diaz Nava,No,0,7,Masculino
ACH,Carolina Ramirez Coppel,USA,18/1/2026,Carolina Urias Diaz,Si,548,7,Masculino
Telered,Antonio Mendoza Ramirez,Francia,17/3/2026,Nereida Mendoza Gimenez,No,0,6,Masculino
Visa,Plutarco Nava Coppel,Japon,3/5/2026,Juana Salazar Salazar,Si,549,6,Femenino
MasterCard,Plutarco Nava Lopez,Japon,4/3/2026,Anastacia Urias Lopez,No,0,8,Masculino
MasterCard,Luis Coppel Perez,Brasil,10/9/2023,Daniel Garcia Coppel,No,0,9,Masculino
Visa,Maria Ramirez Lopez,Mexico,22/10/2025,Daniel Garcia Mendoza,Si,550,7,Femenino
Visa,Alicia Garcia Coppel,Mexico,8/2/2024,Daniel Mendoza Perez,Si,551,5,Masculino
Visa,Felicitas Gimenez Sanchez,USA,26/11/2026,Gomzalo Salazar Gerardo,No,0,8,Femenino
Telered,Nereida Nava Sanchez,Francia,19/11/2025,Rebeca Diaz Mendoza,Si,552,10,Masculino
Visa,Zoila Mendoza Nava,Japon,28/4/2023,Carolina Perez Nava,Si,553,9,Masculino
ACH,Plutarco Salazar Garcia,Brasil,26/7/2025,Amparito Sanchez Diaz,Si,554,6,Femenino
Telered,Zoila Garcia Perez,Brasil,5/6/2024,Alicia Salazar Ramirez,Si,555,6,Masculino
Telered,Lucia Urias Coppel,Mexico,7/11/2024,Lucia Perez Coppel,Si,556,6,Femenino
Visa,Luis Salazar Ramirez,Brasil,18/5/2026,Daniel Perez Sanchez,No,0,7,Masculino
MasterCard,Felicitas Salazar Gerardo,USA,2/5/2023,Rebeca Ramirez Garcia,Si,557,7,Masculino
Visa,Rebeca Diaz Sanchez,Francia,23/2/2026,Plutarco Garcia Lopez,Si,558,10,Masculino
ACH,Amparito Coppel Perez,Mexico,4/3/2025,Plutarco Ramirez Coppel,No,0,5,Masculino
Visa,Sofia Perez Ramirez,Mexico,30/3/2023,Sofia Perez Gimenez,Si,559,5,Femenino
Visa,Nereida Salazar Urias,USA,6/10/2026,Lucia Coppel Nava,Si,560,5,Femenino
ACH,Luis Urias Nava,Japon,21/10/2026,Aurora Garcia Diaz,No,0,6,Masculino
ACH,Lucia Urias Salazar,Japon,10/3/2026,Luis Mendoza Ramirez,Si,561,5,Masculino
ACH,Gomzalo Salazar Diaz,USA,11/3/2025,Miguel Salazar Coppel,No,0,10,Masculino
ACH,Plutarco Perez Lopez,USA,30/8/2024,Daniel Diaz Mendoza,Si,562,8,Femenino
MasterCard,Yessenia Salazar Gerardo,Japon,31/4/2023,Zoila Nava Mendoza,Si,563,7,Masculino
ACH,Juana Diaz Gerardo,USA,14/1/2024,Amparito Mendoza Nava,No,0,9,Masculino
MasterCard,Javier Perez Gimenez,USA,29/3/2023,Carolina Coppel Gerardo,Si,564,7,Femenino
ACH,Felicitas Diaz Ramirez,Japon,27/6/2023,Aurora Diaz Coppel,No,0,6,Masculino
Visa,Maria Lopez Gimenez,Mexico,22/10/2024,Aurora Gerardo Diaz,No,0,7,Femenino
MasterCard,Luis Perez Garcia,Japon,15/5/2026,Epifania Perez Sanchez,No,0,9,Masculino
Telered,Zoila Sanchez Mendoza,Brasil,7/11/2026,Telesforo Coppel Perez,No,0,9,Femenino
Visa,Plutarco Sanchez Lopez,Francia,2/8/2025,Lucia Perez Mendoza,No,0,9,Masculino
Visa,Plutarco Nava Coppel,USA,16/8/2026,Alicia Salazar Sanchez,No,0,8,Femenino
Telered,Zoila Nava Gimenez,Japon,16/12/2024,Aurora Garcia Perez,Si,565,7,Masculino
ACH,Lucia Gerardo Garcia,Brasil,17/7/2026,Daniel Coppel Diaz,No,0,7,Masculino
Telered,Amparito Urias Coppel,USA,24/6/2025,Javier Coppel Garcia,No,0,5,Masculino
Telered,Gomzalo Coppel Diaz,USA,15/3/2025,Felicitas Garcia Gerardo,Si,566,6,Femenino
Telered,Anastacia Urias Garcia,Brasil,24/7/2025,Juana Nava Lopez,Si,567,10,Masculino
ACH,Lucia Salazar Gerardo,Mexico,22/2/2023,Nereida Diaz Gerardo,Si,568,5,Femenino
ACH,Javier Perez Garcia,USA,7/3/2025,Miguel Nava Nava,No,0,5,Masculino
Visa,Carolina Coppel Mendoza,Mexico,23/10/2025,Telesforo Perez Mendoza,No,0,9,Masculino
Telered,Juana Gerardo Mendoza,Brasil,29/12/2024,Anastacia Lopez Nava,No,0,9,Masculino
Visa,Alicia Gimenez Gerardo,Francia,13/3/2024,Lucia Mendoza Ramirez,Si,569,10,Femenino
Telered,Antonio Sanchez Coppel,Francia,5/5/2026,Luis Lopez Mendoza,No,0,8,Masculino
Visa,Gomzalo Nava Coppel,Francia,20/3/2026,Miguel Perez Diaz,Si,570,10,Masculino
Telered,Aurora Perez Mendoza,Japon,2/10/2023,Rebeca Mendoza Gimenez,Si,571,10,Masculino
ACH,Yessenia Lopez Gimenez,Brasil,3/6/2026,Juana Gerardo Salazar,Si,572,5,Femenino
Visa,Sofia Salazar Ramirez,Brasil,3/10/2026,Carolina Lopez Perez,No,0,5,Masculino
Visa,Anastacia Gerardo Lopez,Mexico,3/6/2026,Maria Nava Mendoza,Si,573,7,Femenino
Visa,Javier Lopez Perez,Francia,11/7/2024,Juana Mendoza Garcia,No,0,8,Masculino
Visa,Yessenia Perez Mendoza,USA,22/3/2026,Sofia Lopez Garcia,No,0,9,Femenino
ACH,Yessenia Nava Garcia,Mexico,2/11/2023,Carolina Salazar Urias,Si,574,6,Femenino
Telered,Rebeca Ramirez Salazar,Mexico,8/3/2026,Luis Gimenez Nava,Si,575,7,Femenino
ACH,Gomzalo Perez Salazar,Japon,22/12/2025,Sofia Sanchez Gerardo,No,0,10,Femenino
Telered,Federico Ramirez Lopez,Francia,2/11/2026,Zoila Coppel Ramirez,Si,576,7,Femenino
Telered,Felicitas Gerardo Lopez,Mexico,18/12/2026,Sofia Ramirez Sanchez,Si,577,9,Femenino
ACH,Antonio Sanchez Garcia,Mexico,23/6/2024,Amparito Gerardo Ramirez,No,0,5,Masculino
Telered,Epifania Ramirez Mendoza,Japon,31/11/2024,Plutarco Sanchez Garcia,No,0,5,Femenino
Telered,Luis Urias Urias,USA,5/1/2026,Plutarco Perez Gimenez,Si,578,5,Masculino
Visa,Gomzalo Urias Coppel,Mexico,26/12/2026,Federico Gerardo Salazar,No,0,8,Femenino
Telered,Lucia Diaz Gerardo,Brasil,30/1/2024,Maria Diaz Sanchez,No,0,9,Masculino
Telered,Luis Urias Diaz,Francia,5/2/2026,Miguel Gerardo Perez,Si,579,5,Femenino
MasterCard,Felicitas Salazar Salazar,Brasil,27/9/2026,Antonio Diaz Gerardo,Si,580,9,Femenino
Telered,Zoila Lopez Garcia,Francia,6/11/2025,Daniel Salazar Garcia,No,0,6,Femenino
MasterCard,Lucia Gimenez Ramirez,USA,24/4/2024,Yessenia Sanchez Lopez,No,0,7,Masculino
ACH,Gomzalo Nava Diaz,USA,5/1/2023,Gomzalo Gerardo Salazar,Si,581,7,Masculino
Telered,Aurora Ramirez Coppel,Japon,19/5/2025,Nereida Urias Mendoza,No,0,9,Masculino
MasterCard,Plutarco Diaz Ramirez,Francia,25/6/2024,Sofia Gerardo Coppel,No,0,8,Femenino
Telered,Felicitas Garcia Urias,Japon,19/6/2026,Amparito Mendoza Lopez,No,0,6,Femenino
ACH,Miguel Mendoza Ramirez,Japon,29/7/2024,Lucia Salazar Diaz,Si,582,10,Femenino
ACH,Felicitas Garcia Gimenez,Francia,14/11/2026,Daniel Gerardo Gerardo,No,0,8,Masculino
Visa,Lucia Garcia Sanchez,Brasil,13/5/2024,Juana Gimenez Ramirez,No,0,6,Femenino
